Fehlergrund;Fehlerkategorie;Arbeitsgang;Bereich;Produkt;Dispostufe;KW;Jahr;Dauer des Stillstandes in Tagen;Maßnahme
1;1;1;5;4;4;42;2020;2;10
1;1;35;5;1;1;42;2020;1;1
1;2;35;5;1;1;42;2020;1;1
1;1;38;5;5;5;43;2020;5;1
1;2;80;5;1;1;43;2020;2;1
1;1;100;5;4;4;42;2020;1;1
1;2;125;5;2;2;42;2020;1;1
1;1;214;5;12;12;43;2020;1;1
1;1;214;5;4;4;43;2020;1;1
1;1;64;2;2;2;42;2020;2;1
1;3;74;2;12;12;43;2020;1;1
1;1;223;2;7;7;43;2020;1;1
1;1;223;2;7;7;43;2020;1;1
1;1;223;2;7;7;43;2020;1;1
1;1;223;2;12;12;43;2020;1;1
1;1;223;2;12;12;43;2020;1;1
1;1;227;2;7;7;43;2020;1;1
1;1;227;2;12;12;43;2020;2;1
1;1;227;2;12;12;42;2020;1;1
1;1;227;2;12;12;42;2020;1;1
1;1;227;2;12;12;42;2020;1;1
1;1;227;2;12;12;42;2020;2;1
1;1;227;2;12;12;43;2020;4;1
1;1;227;2;12;12;43;2020;3;1
1;1;227;2;12;12;43;2020;2;1
1;2;227;2;12;12;42;2020;3;1
1;2;227;2;12;12;42;2020;3;1
1;3;227;2;12;12;43;2020;1;1
1;1;230;2;12;12;43;2020;1;1
1;1;93;4;2;2;43;2020;2;1
1;1;124;4;2;2;42;2020;1;1
1;3;124;4;12;12;43;2020;1;1
1;1;125;4;3;3;42;2020;2;1
1;4;125;4;12;12;43;2020;1;1
1;2;137;9;12;12;42;2020;1;1
1;3;143;9;5;5;42;2020;3;1
1;2;164;9;10;10;43;2020;1;1
1;3;183;6;4;4;43;2020;1;1
1;1;187;6;4;4;13;2021;1;1
2;1;17;8;6;6;8;2021;1;24
2;1;18;8;6;6;16;2021;1;24
2;1;18;8;6;6;16;2021;1;24
2;1;18;8;6;6;16;2021;1;24
2;1;22;8;4;4;50;2020;2;24
2;1;22;8;4;4;50;2020;2;24
2;1;22;8;4;4;50;2020;2;24
2;1;22;8;4;4;50;2020;2;24
2;1;22;8;4;4;51;2020;2;24
2;1;22;8;4;4;51;2020;2;24
2;1;22;8;4;4;51;2020;1;24
2;1;22;8;4;4;51;2020;2;24
2;1;22;8;4;4;2;2021;1;24
2;1;22;8;4;4;2;2021;1;24
2;1;22;8;4;4;5;2021;1;24
2;1;22;8;4;4;5;2021;2;24
2;1;22;8;4;4;5;2021;2;24
2;1;22;8;4;4;6;2021;2;24
2;1;22;8;4;4;6;2021;2;24
2;1;22;8;4;4;6;2021;2;24
2;1;22;8;4;4;6;2021;2;24
2;1;22;8;4;4;6;2021;1;24
2;1;22;8;4;4;7;2021;1;24
2;1;22;8;4;4;7;2021;1;24
2;1;22;8;4;4;9;2021;1;24
2;1;22;8;4;4;9;2021;1;24
2;1;22;8;4;4;9;2021;1;24
2;1;22;8;4;4;9;2021;1;24
2;1;22;8;4;4;9;2021;2;24
2;1;22;8;4;4;10;2021;1;24
2;1;22;8;4;4;10;2021;1;24
2;1;22;8;4;4;11;2021;1;24
2;1;22;8;4;4;25;2021;1;24
2;1;22;8;4;4;25;2021;1;24
2;1;23;8;14;14;16;2021;1;24
2;1;36;12;6;6;50;2020;1;24
2;1;36;12;6;6;50;2020;1;24
2;1;36;12;6;6;51;2020;1;24
2;1;36;12;6;6;51;2020;1;24
2;1;36;12;6;6;51;2020;1;24
2;1;36;12;6;6;3;2021;1;24
2;1;36;12;6;6;8;2021;2;24
2;1;36;12;6;6;9;2021;1;24
2;1;36;12;6;6;9;2021;1;24
2;1;36;12;6;6;9;2021;1;24
2;1;36;12;6;6;9;2021;2;24
2;1;36;12;6;6;10;2021;1;24
2;1;36;12;6;6;10;2021;1;24
2;1;36;12;6;6;10;2021;1;24
2;1;36;12;6;6;10;2021;2;24
2;1;36;12;6;6;11;2021;2;24
2;1;36;12;6;6;11;2021;2;24
2;1;36;12;6;6;15;2021;2;24
2;1;39;13;6;6;19;2021;2;24
2;1;2;5;12;12;19;2021;1;24
2;1;1;5;4;4;2;2021;1;24
2;1;1;5;4;4;10;2021;1;24
2;1;1;5;4;4;10;2021;1;24
2;1;1;5;4;4;16;2021;1;24
2;1;2;5;7;7;12;2021;1;24
2;1;2;5;7;7;14;2021;4;24
2;1;2;5;7;7;15;2021;2;24
2;1;2;5;7;7;15;2021;2;24
2;1;2;5;12;12;11;2021;1;24
2;1;2;5;6;6;51;2020;2;24
2;1;2;5;13;13;12;2021;1;24
2;1;2;5;14;14;23;2021;1;24
2;1;6;5;13;13;22;2021;1;24
2;1;7;5;7;7;4;2021;2;24
2;1;7;5;4;4;15;2021;1;24
2;1;38;5;5;5;25;2021;1;24
2;1;39;5;5;5;44;2020;1;24
2;1;39;5;5;5;9;2021;1;24
2;1;39;5;5;5;10;2021;1;24
2;1;39;5;5;5;10;2021;1;24
2;1;39;5;5;5;14;2021;3;24
2;1;44;5;5;5;5;2021;1;24
2;1;44;5;5;5;5;2021;2;24
2;1;44;5;5;5;5;2021;2;24
2;1;44;5;5;5;9;2021;2;24
2;1;44;5;5;5;15;2021;1;24
2;1;45;5;2;2;8;2021;2;24
2;1;45;5;4;4;50;2020;1;24
2;1;45;5;4;4;12;2021;1;24
2;1;45;5;4;4;12;2021;1;24
2;1;45;5;4;4;14;2021;1;24
2;1;45;5;4;4;14;2021;1;24
2;1;47;5;5;5;2;2021;2;24
2;1;47;5;5;5;2;2021;2;24
2;1;47;5;5;5;2;2021;2;24
2;1;58;5;5;5;8;2021;2;24
2;1;58;5;5;5;8;2021;2;24
2;1;58;5;5;5;12;2021;4;24
2;1;59;5;5;5;9;2021;1;24
2;1;59;5;5;5;23;2021;1;24
2;1;64;5;4;4;6;2021;1;24
2;1;64;5;4;4;11;2021;1;24
2;1;64;5;4;4;14;2021;1;24
2;1;64;5;4;4;14;2021;1;24
2;1;64;5;4;4;14;2021;1;24
2;1;64;5;4;4;16;2021;1;24
2;1;64;5;4;4;17;2021;1;24
2;1;64;5;4;4;22;2021;2;24
2;1;64;5;4;4;22;2021;2;24
2;1;64;5;4;4;23;2021;1;24
2;1;64;5;4;4;23;2021;1;24
2;1;70;5;7;7;1;2021;4;24
2;1;70;5;7;7;2;2021;3;24
2;1;70;5;7;7;15;2021;1;24
2;1;70;5;7;7;23;2021;2;24
2;1;70;5;7;7;23;2021;2;24
2;1;70;5;9;9;2;2021;4;24
2;1;72;5;12;12;50;2020;1;24
2;1;72;5;12;12;4;2021;1;24
2;1;72;5;12;12;5;2021;1;24
2;1;72;5;12;12;13;2021;1;24
2;1;72;5;12;12;17;2021;1;24
2;1;72;5;12;12;17;2021;2;24
2;1;74;5;7;7;5;2021;1;24
2;1;74;5;7;7;5;2021;2;24
2;1;74;5;7;7;5;2021;2;24
2;1;74;5;8;8;1;2021;1;24
2;1;74;5;9;9;5;2021;1;24
2;1;74;5;9;9;25;2021;1;24
2;1;74;5;12;12;50;2020;1;24
2;1;74;5;12;12;5;2021;1;24
2;1;74;5;12;12;5;2021;1;24
2;1;74;5;12;12;5;2021;1;24
2;1;74;5;12;12;15;2021;1;24
2;1;75;5;7;7;7;2021;1;24
2;1;75;5;7;7;15;2021;1;24
2;1;75;5;7;7;15;2021;1;24
2;1;75;5;7;7;20;2021;2;24
2;1;75;5;12;12;7;2021;1;24
2;1;75;5;12;12;7;2021;1;24
2;1;75;5;12;12;7;2021;1;24
2;1;75;5;12;12;9;2021;1;24
2;1;75;5;12;12;15;2021;1;24
2;1;75;5;12;12;22;2021;1;24
2;1;75;5;12;12;1;2021;1;24
2;1;75;5;12;12;1;2021;1;24
2;1;75;5;12;12;1;2021;1;24
2;1;75;5;12;12;1;2021;1;24
2;1;75;5;12;12;1;2021;2;24
2;1;76;5;4;4;3;2021;1;24
2;1;76;5;4;4;3;2021;1;24
2;1;76;5;4;4;4;2021;1;24
2;1;80;5;1;1;5;2021;1;24
2;1;80;5;1;1;8;2021;1;24
2;1;80;5;1;1;8;2021;1;24
2;1;93;5;2;2;16;2021;1;24
2;1;93;5;4;4;4;2021;2;24
2;1;93;5;5;5;1;2021;2;24
2;1;99;5;4;4;6;2021;1;24
2;1;99;5;4;4;6;2021;1;24
2;1;99;5;4;4;7;2021;1;24
2;1;99;5;4;4;10;2021;1;24
2;1;100;5;2;2;7;2021;1;24
2;1;100;5;2;2;8;2021;1;24
2;1;100;5;2;2;8;2021;1;24
2;1;100;5;4;4;2;2021;1;24
2;1;100;5;4;4;2;2021;3;24
2;1;100;5;4;4;2;2021;1;24
2;1;100;5;6;6;17;2021;2;24
2;1;101;5;6;6;22;2021;1;24
2;1;101;5;6;6;22;2021;1;24
2;1;101;5;6;6;24;2021;4;24
2;1;101;5;6;6;24;2021;4;24
2;1;101;5;6;6;24;2021;4;24
2;1;101;5;6;6;25;2021;2;24
2;1;101;5;6;6;25;2021;1;24
2;1;101;5;11;11;24;2021;4;24
2;1;101;5;11;11;25;2021;2;24
2;1;102;5;6;6;2;2021;1;24
2;1;103;5;4;4;1;2021;1;24
2;1;103;5;4;4;1;2021;1;24
2;1;103;5;4;4;1;2021;1;24
2;1;103;5;4;4;1;2021;1;24
2;1;103;5;4;4;5;2021;1;24
2;1;103;5;4;4;7;2021;1;24
2;1;103;5;4;4;7;2021;1;24
2;1;103;5;4;4;7;2021;1;24
2;1;104;5;6;6;51;2020;1;24
2;1;104;5;6;6;51;2020;1;24
2;1;104;5;6;6;51;2020;1;24
2;1;104;5;6;6;51;2020;1;24
2;1;104;5;6;6;51;2020;1;24
2;1;104;5;6;6;1;2021;2;24
2;1;104;5;6;6;1;2021;2;24
2;1;104;5;6;6;1;2021;1;24
2;1;104;5;6;6;1;2021;1;24
2;1;104;5;6;6;1;2021;2;24
2;1;104;5;6;6;2;2021;2;24
2;1;108;5;7;7;12;2021;1;24
2;1;108;5;7;7;12;2021;1;24
2;1;109;5;7;7;12;2021;1;24
2;1;109;5;7;7;23;2021;2;24
2;1;110;5;1;1;11;2021;1;24
2;1;116;5;7;7;50;2020;1;24
2;1;116;5;7;7;50;2020;1;24
2;1;116;5;7;7;51;2020;1;24
2;1;116;5;7;7;51;2020;1;24
2;1;116;5;7;7;51;2020;1;24
2;1;116;5;7;7;51;2020;1;24
2;1;116;5;7;7;2;2021;1;24
2;1;116;5;7;7;2;2021;1;24
2;1;116;5;7;7;2;2021;1;24
2;1;116;5;7;7;3;2021;1;24
2;1;116;5;7;7;3;2021;1;24
2;1;116;5;7;7;4;2021;1;24
2;1;116;5;7;7;5;2021;1;24
2;1;116;5;7;7;5;2021;1;24
2;1;116;5;7;7;5;2021;1;24
2;1;116;5;7;7;10;2021;1;24
2;1;116;5;7;7;13;2021;1;24
2;1;116;5;8;8;1;2021;1;24
2;1;116;5;8;8;2;2021;1;24
2;1;116;5;8;8;12;2021;1;24
2;1;116;5;8;8;12;2021;1;24
2;1;116;5;8;8;13;2021;1;24
2;1;116;5;12;12;50;2020;1;24
2;1;116;5;12;12;18;2021;1;24
2;1;116;5;12;12;18;2021;1;24
2;1;116;5;12;12;19;2021;1;24
2;1;116;5;12;12;25;2021;1;24
2;1;116;5;4;4;51;2020;1;24
2;1;116;5;4;4;8;2021;1;24
2;1;116;5;4;4;12;2021;1;24
2;1;116;5;4;4;12;2021;1;24
2;1;116;5;5;5;1;2021;2;24
2;1;119;5;2;2;11;2021;1;24
2;1;119;5;4;4;50;2020;1;24
2;1;119;5;4;4;8;2021;1;24
2;1;119;5;4;4;8;2021;1;24
2;1;119;5;4;4;9;2021;1;24
2;1;125;5;12;12;6;2021;2;24
2;1;125;5;12;12;17;2021;4;24
2;1;127;5;12;12;2;2021;1;24
2;1;128;5;12;12;6;2021;1;24
2;1;128;5;12;12;6;2021;1;24
2;1;128;5;12;12;6;2021;1;24
2;1;128;5;12;12;6;2021;1;24
2;1;128;5;12;12;6;2021;2;24
2;1;128;5;12;12;6;2021;1;24
2;1;128;5;12;12;6;2021;1;24
2;1;128;5;12;12;16;2021;2;24
2;1;128;5;12;12;17;2021;1;24
2;1;128;5;12;12;17;2021;1;24
2;1;128;5;12;12;17;2021;1;24
2;1;128;5;12;12;17;2021;1;24
2;1;128;5;12;12;17;2021;1;24
2;1;128;5;12;12;18;2021;1;24
2;1;128;5;12;12;22;2021;1;24
2;1;128;5;12;12;22;2021;1;24
2;1;128;5;12;12;25;2021;1;24
2;1;128;5;12;12;25;2021;1;24
2;1;128;5;12;12;25;2021;1;24
2;1;128;5;12;12;25;2021;1;24
2;1;129;5;12;12;9;2021;1;24
2;1;129;5;12;12;9;2021;1;24
2;1;129;5;12;12;9;2021;1;24
2;1;129;5;12;12;10;2021;1;24
2;1;129;5;12;12;10;2021;1;24
2;1;206;5;12;12;2;2021;1;24
2;1;214;5;4;4;51;2020;1;24
2;1;214;5;4;4;51;2020;1;24
2;1;214;5;4;4;51;2020;1;24
2;1;214;5;4;4;51;2020;1;24
2;1;214;5;4;4;8;2021;2;24
2;1;214;5;4;4;10;2021;1;24
2;1;214;5;4;4;10;2021;1;24
2;1;214;5;4;4;13;2021;1;24
2;1;214;5;4;4;13;2021;1;24
2;1;214;5;4;4;14;2021;1;24
2;1;214;5;4;4;14;2021;1;24
2;1;216;5;4;4;13;2021;1;24
2;1;219;5;4;4;8;2021;2;24
2;1;219;5;4;4;9;2021;1;24
2;1;220;5;4;4;12;2021;1;24
2;1;226;5;12;12;2;2021;4;24
2;1;226;5;12;12;16;2021;1;24
2;1;230;5;12;12;16;2021;1;24
2;1;235;5;4;4;51;2020;1;24
2;1;235;5;4;4;1;2021;1;24
2;1;235;5;4;4;11;2021;1;24
2;1;236;5;4;4;1;2021;1;24
2;1;236;5;4;4;1;2021;2;24
2;1;236;5;4;4;1;2021;1;24
2;1;236;5;4;4;1;2021;1;24
2;1;236;5;4;4;11;2021;1;24
2;1;116;5;7;7;20;2021;1;24
2;1;108;1;7;7;20;2021;2;24
2;1;109;1;7;7;20;2021;5;24
2;1;130;1;7;7;20;2021;6;24
2;1;87;4;5;13;20;2021;2;24
2;1;125;4;13;13;20;2021;3;24
2;1;25;1;12;12;2;2021;1;24
2;1;25;1;12;12;3;2021;1;24
2;1;25;1;12;7;12;2021;1;24
2;1;25;1;12;12;12;2021;1;24
2;1;25;1;12;12;12;2021;1;24
2;1;25;1;12;12;12;2021;1;24
2;1;25;1;12;12;12;2021;1;24
2;1;30;1;12;12;11;2021;2;24
2;1;30;1;12;12;11;2021;2;24
2;1;30;1;12;12;24;2021;1;24
2;1;30;1;12;12;24;2021;1;24
2;1;30;1;12;12;24;2021;1;24
2;1;30;1;12;12;24;2021;1;24
2;1;30;1;12;12;25;2021;1;24
2;1;30;1;12;12;25;2021;1;24
2;1;30;1;12;12;25;2021;1;24
2;1;31;1;12;12;1;2021;1;24
2;1;31;1;12;12;23;2021;1;24
2;1;32;1;7;7;51;2020;1;24
2;1;32;1;7;7;51;2020;1;24
2;1;32;1;7;7;51;2020;1;24
2;1;32;1;7;7;51;2020;1;24
2;1;33;1;8;8;14;2021;1;24
2;1;33;1;8;8;14;2021;1;24
2;1;33;1;12;12;50;2020;1;24
2;1;33;1;12;12;50;2020;1;24
2;1;33;1;12;12;13;2021;1;24
2;1;33;1;12;12;14;2021;2;24
2;1;33;1;12;12;14;2021;1;24
2;1;33;1;12;12;14;2021;2;24
2;1;33;1;12;12;14;2021;2;24
2;1;33;1;12;12;15;2021;1;24
2;1;33;1;12;12;15;2021;1;24
2;1;33;1;12;12;24;2021;1;24
2;1;33;1;12;12;24;2021;1;24
2;1;33;1;12;12;24;2021;1;24
2;1;33;1;12;12;25;2021;1;24
2;1;33;1;12;12;25;2021;1;24
2;1;33;1;12;12;25;2021;1;24
2;1;34;1;1;1;3;2021;1;24
2;1;34;1;1;1;22;2021;1;24
2;1;34;1;1;1;23;2021;1;24
2;1;34;1;1;1;23;2021;1;24
2;1;34;1;1;1;25;2021;2;24
2;1;107;1;1;1;25;2021;1;24
2;1;229;1;6;6;15;2021;2;24
2;1;60;2;12;12;2;2021;1;24
2;1;60;2;12;12;15;2021;1;24
2;1;222;2;12;12;9;2021;1;24
2;1;222;2;12;12;9;2021;1;24
2;1;222;2;12;12;9;2021;1;24
2;1;222;2;12;12;9;2021;1;24
2;1;222;2;12;12;9;2021;1;24
2;1;222;2;12;12;10;2021;1;24
2;1;222;2;12;12;10;2021;1;24
2;1;222;2;12;12;10;2021;1;24
2;1;222;2;12;12;12;2021;1;24
2;1;222;2;12;12;13;2021;1;24
2;1;222;2;12;12;23;2021;1;24
2;1;222;2;12;12;23;2021;1;24
2;1;222;2;12;12;23;2021;1;24
2;1;223;2;12;12;44;2020;1;24
2;1;224;2;9;9;2;2021;1;24
2;1;224;2;9;9;5;2021;1;24
2;1;224;2;9;9;5;2021;1;24
2;1;224;2;9;9;7;2021;1;24
2;1;224;2;9;9;7;2021;1;24
2;1;224;2;9;9;7;2021;1;24
2;1;224;2;9;9;7;2021;1;24
2;1;224;2;9;9;8;2021;1;24
2;1;224;2;9;9;8;2021;1;24
2;1;224;2;9;9;9;2021;1;24
2;1;224;2;9;9;9;2021;1;24
2;1;224;2;9;9;9;2021;1;24
2;1;224;2;9;9;9;2021;1;24
2;1;224;2;9;9;9;2021;1;24
2;1;224;2;9;9;10;2021;1;24
2;1;224;2;9;9;10;2021;1;24
2;1;224;2;9;9;10;2021;1;24
2;1;224;2;12;12;8;2021;1;24
2;1;224;2;12;12;13;2021;1;24
2;1;225;2;9;9;7;2021;1;24
2;1;225;2;9;9;8;2021;1;24
2;1;225;2;9;9;8;2021;1;24
2;1;226;2;5;13;19;2021;4;24
2;1;226;2;9;9;6;2021;1;24
2;1;226;2;9;9;10;2021;1;24
2;1;226;2;12;12;2;2021;4;24
2;1;226;2;12;12;2;2021;3;24
2;1;226;2;12;12;2;2021;4;24
2;1;226;2;12;12;2;2021;4;24
2;1;226;2;12;12;3;2021;4;24
2;1;226;2;12;12;3;2021;4;24
2;1;226;2;12;12;3;2021;4;24
2;1;226;2;12;12;3;2021;3;24
2;1;226;2;12;12;3;2021;3;24
2;1;226;2;12;12;4;2021;2;24
2;1;226;2;12;12;9;2021;1;24
2;1;226;2;12;12;9;2021;1;24
2;1;226;2;12;12;9;2021;1;24
2;1;226;2;12;12;16;2021;2;24
2;1;226;2;12;12;16;2021;2;24
2;1;226;2;12;12;16;2021;2;24
2;1;226;2;12;12;16;2021;2;24
2;1;226;2;1;1;6;2021;1;24
2;1;226;2;6;6;17;2021;3;24
2;1;226;2;6;6;17;2021;3;24
2;1;226;2;6;6;17;2021;1;24
2;1;226;2;6;6;17;2021;1;24
2;1;226;2;6;6;17;2021;1;24
2;1;226;2;6;6;18;2021;1;24
2;1;226;2;6;6;18;2021;2;24
2;1;227;2;8;8;44;2020;2;24
2;1;227;2;12;12;44;2020;1;24
2;1;227;2;12;12;44;2020;2;24
2;1;227;2;12;12;50;2020;3;24
2;1;227;2;12;12;50;2020;1;24
2;1;227;2;12;12;50;2020;4;24
2;1;227;2;12;12;50;2020;2;24
2;1;227;2;12;12;50;2020;3;24
2;1;227;2;12;12;50;2020;4;24
2;1;227;2;12;12;51;2020;4;24
2;1;227;2;12;12;51;2020;7;24
2;1;227;2;12;12;51;2020;6;24
2;1;227;2;12;12;51;2020;6;24
2;1;227;2;12;12;51;2020;6;24
2;1;227;2;12;12;1;2021;4;24
2;1;227;2;12;12;1;2021;4;24
2;1;227;2;12;12;1;2021;4;24
2;1;227;2;12;12;1;2021;4;24
2;1;227;2;12;12;1;2021;4;24
2;1;227;2;6;6;14;2021;1;24
2;1;227;2;6;6;16;2021;1;24
2;1;227;2;6;6;16;2021;1;24
2;1;228;2;8;8;8;2021;1;24
2;1;229;2;6;6;15;2021;2;24
2;1;230;2;12;12;1;2021;1;24
2;1;230;2;12;12;1;2021;1;24
2;1;230;2;12;12;1;2021;1;24
2;1;230;2;12;12;1;2021;1;24
2;1;230;2;12;12;1;2021;1;24
2;1;230;2;12;12;4;2021;1;24
2;1;230;2;12;12;5;2021;1;24
2;1;230;2;12;12;5;2021;1;24
2;1;230;2;12;12;5;2021;1;24
2;1;230;2;12;12;5;2021;3;24
2;1;230;2;12;12;5;2021;3;24
2;1;230;2;12;12;6;2021;3;24
2;1;230;2;12;12;6;2021;3;24
2;1;230;2;12;12;6;2021;2;24
2;1;230;2;12;12;6;2021;2;24
2;1;230;2;12;12;10;2021;1;24
2;1;230;2;12;12;11;2021;1;24
2;1;230;2;12;12;11;2021;1;24
2;1;230;2;12;12;11;2021;1;24
2;1;230;2;12;12;11;2021;1;24
2;1;230;2;12;12;14;2021;1;24
2;1;230;2;12;12;14;2021;1;24
2;1;230;2;12;12;14;2021;1;24
2;1;230;2;12;12;14;2021;1;24
2;1;230;2;12;12;15;2021;1;24
2;1;230;2;12;12;15;2021;1;24
2;1;230;2;12;12;15;2021;1;24
2;1;230;2;12;12;15;2021;1;24
2;1;230;2;12;12;16;2021;1;24
2;1;230;2;12;12;16;2021;1;24
2;1;230;2;12;12;16;2021;1;24
2;1;230;2;12;12;16;2021;1;24
2;1;230;2;12;12;17;2021;1;24
2;1;230;2;12;12;17;2021;1;24
2;1;230;2;12;12;17;2021;1;24
2;1;230;2;12;12;17;2021;1;24
2;1;230;2;12;12;17;2021;3;24
2;1;230;2;12;12;18;2021;3;24
2;1;230;2;12;12;18;2021;2;24
2;1;230;2;12;12;19;2021;3;24
2;1;230;2;12;12;20;2021;2;24
2;1;232;2;7;7;1;2021;1;24
2;1;87;4;12;12;5;2021;1;24
2;1;87;4;6;6;5;2021;1;24
2;1;87;4;6;6;6;2021;1;24
2;1;87;4;6;6;17;2021;1;24
2;1;87;4;6;6;18;2021;1;24
2;1;93;4;12;12;50;2020;1;24
2;1;93;4;12;12;19;2021;2;24
2;1;93;4;2;2;17;2021;1;24
2;1;93;4;4;4;7;2021;1;24
2;1;93;4;4;4;7;2021;2;24
2;1;122;4;12;12;12;2021;1;24
2;1;122;4;12;12;24;2021;1;24
2;1;123;4;12;12;14;2021;2;24
2;1;124;4;4;4;7;2021;2;24
2;1;125;4;12;7;12;2021;2;24
2;1;125;4;9;9;12;2021;1;24
2;1;125;4;12;12;4;2021;1;24
2;1;125;4;12;12;5;2021;2;24
2;1;125;4;12;12;5;2021;2;24
2;1;125;4;12;12;6;2021;1;24
2;1;125;4;12;12;6;2021;1;24
2;1;125;4;12;12;6;2021;1;24
2;1;125;4;12;12;7;2021;1;24
2;1;125;4;12;12;8;2021;1;24
2;1;125;4;12;12;8;2021;1;24
2;1;125;4;12;12;9;2021;1;24
2;1;125;4;12;12;9;2021;2;24
2;1;125;4;12;12;10;2021;3;24
2;1;125;4;12;12;10;2021;3;24
2;1;125;4;12;12;10;2021;1;24
2;1;125;4;12;12;10;2021;1;24
2;1;125;4;12;12;11;2021;2;24
2;1;125;4;12;12;11;2021;3;24
2;1;125;4;12;12;11;2021;2;24
2;1;125;4;12;12;11;2021;1;24
2;1;125;4;12;12;11;2021;1;24
2;1;125;4;12;12;11;2021;2;24
2;1;125;4;12;12;12;2021;2;24
2;1;125;4;12;12;12;2021;2;24
2;1;125;4;12;12;12;2021;2;24
2;1;125;4;12;12;12;2021;1;24
2;1;125;4;12;12;13;2021;3;24
2;1;125;4;12;12;13;2021;3;24
2;1;125;4;12;12;13;2021;3;24
2;1;125;4;12;12;14;2021;2;24
2;1;125;4;12;12;14;2021;2;24
2;1;125;4;12;12;14;2021;2;24
2;1;125;4;12;12;14;2021;2;24
2;1;125;4;12;12;15;2021;1;24
2;1;125;4;12;12;15;2021;2;24
2;1;125;4;12;12;15;2021;2;24
2;1;125;4;12;12;15;2021;1;24
2;1;125;4;12;12;16;2021;2;24
2;1;125;4;12;12;16;2021;2;24
2;1;125;4;12;12;16;2021;3;24
2;1;125;4;12;12;16;2021;1;24
2;1;125;4;12;12;16;2021;1;24
2;1;125;4;12;12;16;2021;1;24
2;1;125;4;12;12;17;2021;1;24
2;1;125;4;12;12;17;2021;3;24
2;1;125;4;12;12;17;2021;2;24
2;1;125;4;12;12;17;2021;2;24
2;1;125;4;12;12;18;2021;2;24
2;1;125;4;12;12;18;2021;4;24
2;1;125;4;12;12;18;2021;3;24
2;1;125;4;12;12;18;2021;4;24
2;1;125;4;12;12;18;2021;3;24
2;1;125;4;12;12;19;2021;8;24
2;1;125;4;12;12;20;2021;7;24
2;1;125;4;12;12;22;2021;1;24
2;1;125;4;12;12;23;2021;1;24
2;1;125;4;12;12;23;2021;1;24
2;1;125;4;12;12;23;2021;1;24
2;1;125;4;12;12;23;2021;1;24
2;1;125;4;12;12;24;2021;1;24
2;1;125;4;12;12;24;2021;1;24
2;1;125;4;12;12;24;2021;1;24
2;1;125;4;12;12;24;2021;1;24
2;1;125;4;12;12;25;2021;1;24
2;1;125;4;12;12;25;2021;1;24
2;1;125;4;12;12;25;2021;1;24
2;1;125;4;12;12;25;2021;2;24
2;1;125;4;12;12;25;2021;1;24
2;1;125;4;12;12;25;2021;1;24
2;1;125;4;1;1;18;2021;1;24
2;1;125;4;4;4;3;2021;1;24
2;1;125;4;4;4;12;2021;1;24
2;1;125;4;5;5;7;2021;1;24
2;1;125;4;5;5;8;2021;1;24
2;1;125;4;5;5;14;2021;2;24
2;1;125;4;5;5;17;2021;1;24
2;1;125;4;6;6;10;2021;1;24
2;1;230;4;12;12;4;2021;1;24
2;1;230;4;12;12;5;2021;1;24
2;1;75;4;12;12;19;2021;1;24
2;1;130;3;7;7;10;2021;1;24
2;1;130;3;7;7;17;2021;2;24
2;1;130;3;7;7;18;2021;2;24
2;1;130;3;7;7;18;2021;1;24
2;1;130;3;7;7;18;2021;1;24
2;1;130;3;7;7;18;2021;1;24
2;1;130;3;12;12;7;2021;1;24
2;1;130;3;12;12;7;2021;1;24
2;1;130;3;12;12;9;2021;1;24
2;1;130;3;12;12;9;2021;1;24
2;1;130;3;12;12;10;2021;1;24
2;1;130;3;12;12;10;2021;1;24
2;1;131;3;12;7;12;2021;1;24
2;1;131;3;7;7;9;2021;1;24
2;1;131;3;7;7;9;2021;1;24
2;1;131;3;7;7;9;2021;1;24
2;1;131;3;7;7;11;2021;2;24
2;1;131;3;7;7;17;2021;2;24
2;1;131;3;7;7;17;2021;2;24
2;1;131;3;7;7;18;2021;2;24
2;1;131;3;7;7;18;2021;3;24
2;1;131;3;7;7;18;2021;3;24
2;1;131;3;7;7;18;2021;3;24
2;1;131;3;7;7;19;2021;13;24
2;1;131;3;12;12;7;2021;1;24
2;1;131;3;12;12;7;2021;1;24
2;1;131;3;12;12;7;2021;1;24
2;1;131;3;12;12;8;2021;1;24
2;1;131;3;12;12;9;2021;1;24
2;1;131;3;12;12;11;2021;1;24
2;1;131;3;12;12;11;2021;2;24
2;1;131;3;12;12;11;2021;2;24
2;1;131;3;12;12;11;2021;1;24
2;1;131;3;12;12;11;2021;1;24
2;1;131;3;12;12;12;2021;1;24
2;1;131;3;12;12;12;2021;1;24
2;1;131;3;12;12;12;2021;1;24
2;1;131;3;7;12;12;2021;1;24
2;1;44;9;5;5;6;2021;2;24
2;1;50;9;5;5;8;2021;2;24
2;1;103;9;4;4;1;2021;2;24
2;1;149;9;14;14;20;2021;2;24
2;1;117;9;1;1;20;2021;1;24
2;1;132;9;11;11;15;2021;1;24
2;1;132;9;14;14;50;2020;1;24
2;1;133;9;4;4;8;2021;1;24
2;1;133;9;4;4;8;2021;1;24
2;1;134;9;12;12;7;2021;1;24
2;1;136;9;1;1;18;2021;1;24
2;1;136;9;1;1;19;2021;1;24
2;1;136;9;1;1;25;2021;1;24
2;1;136;9;1;1;25;2021;2;24
2;1;137;9;12;12;17;2021;1;24
2;1;143;9;4;4;50;2020;1;24
2;1;143;9;4;4;50;2020;2;24
2;1;143;9;4;4;50;2020;2;24
2;1;143;9;4;4;50;2020;1;24
2;1;143;9;4;4;51;2020;2;24
2;1;143;9;4;4;51;2020;1;24
2;1;143;9;5;5;1;2021;1;24
2;1;143;9;5;5;1;2021;1;24
2;1;143;9;5;5;1;2021;1;24
2;1;143;9;5;5;1;2021;1;24
2;1;143;9;5;5;8;2021;1;24
2;1;143;9;5;5;11;2021;1;24
2;1;143;9;5;5;11;2021;1;24
2;1;143;9;5;5;17;2021;1;24
2;1;143;9;5;5;18;2021;1;24
2;1;143;9;5;5;18;2021;1;24
2;1;143;9;13;13;22;2021;1;24
2;1;143;9;13;13;23;2021;1;24
2;1;143;9;13;13;23;2021;1;24
2;1;143;9;13;13;20;2021;2;24
2;1;146;9;12;12;16;2021;1;24
2;1;146;9;12;12;16;2021;1;24
2;1;146;9;12;12;17;2021;1;24
2;1;146;9;12;12;17;2021;1;24
2;1;146;9;12;12;17;2021;1;24
2;1;147;9;10;10;23;2021;1;24
2;1;147;9;10;10;24;2021;1;24
2;1;147;9;10;10;24;2021;1;24
2;1;147;9;10;10;24;2021;1;24
2;1;147;9;10;10;24;2021;1;24
2;1;149;9;9;9;20;2021;3;24
2;1;149;9;14;14;14;2021;1;24
2;1;149;9;14;14;22;2021;1;24
2;1;150;9;12;12;19;2021;1;24
2;1;150;9;12;12;20;2021;3;24
2;1;151;9;13;13;22;2021;1;24
2;1;152;9;13;13;25;2021;1;24
2;1;153;9;13;13;22;2021;1;24
2;1;153;9;13;13;25;2021;1;24
2;1;153;9;13;13;25;2021;1;24
2;1;153;9;13;13;25;2021;1;24
2;1;153;9;13;13;25;2021;1;24
2;1;155;9;12;12;15;2021;1;24
2;1;157;9;10;10;13;2021;1;24
2;1;157;9;13;13;23;2021;1;24
2;1;158;9;13;13;20;2021;3;24
2;1;159;9;13;13;1;2021;1;24
2;1;163;9;11;11;51;2020;1;24
2;1;163;9;14;14;51;2020;1;24
2;1;163;9;14;14;12;2021;1;24
2;1;163;9;14;14;22;2021;1;24
2;1;164;9;10;10;1;2021;1;24
2;1;165;9;13;13;1;2021;1;24
2;1;165;9;13;13;12;2021;1;24
2;1;168;9;12;12;12;2021;1;24
2;1;170;9;4;4;11;2021;1;24
2;1;170;9;4;4;11;2021;1;24
2;1;170;9;4;4;11;2021;1;24
2;1;171;9;6;6;15;2021;1;24
2;1;171;9;11;11;1;2021;1;24
2;1;171;9;14;14;16;2021;1;24
2;1;172;9;13;13;20;2021;1;24
2;1;178;9;6;6;18;2021;1;24
2;1;1;6;4;4;10;2021;1;24
2;1;22;6;4;4;50;2020;2;24
2;1;22;6;4;4;5;2021;2;24
2;1;100;6;4;4;3;2021;1;24
2;1;182;6;7;7;7;2021;1;24
2;1;182;6;7;7;7;2021;1;24
2;1;182;6;7;7;10;2021;1;24
2;1;182;6;7;7;11;2021;1;24
2;1;182;6;7;7;11;2021;1;24
2;1;182;6;7;7;24;2021;1;24
2;1;182;6;7;7;24;2021;1;24
2;1;182;6;8;8;16;2021;1;24
2;1;184;6;4;4;10;2021;1;24
2;1;184;6;4;4;10;2021;1;24
2;1;184;6;4;4;10;2021;1;24
2;1;184;6;10;10;2;2021;1;24
2;1;185;6;1;1;18;2021;1;24
2;1;187;6;4;4;5;2021;1;24
2;1;187;6;4;4;5;2021;1;24
2;1;187;6;4;4;5;2021;1;24
2;1;187;6;4;4;6;2021;1;24
2;1;187;6;4;4;6;2021;1;24
2;1;187;6;4;4;7;2021;1;24
2;1;187;6;4;4;11;2021;1;24
2;1;187;6;4;4;12;2021;1;24
2;1;187;6;4;4;13;2021;1;24
2;1;187;6;4;4;13;2021;1;24
2;1;187;6;4;4;22;2021;1;24
2;1;187;6;4;4;22;2021;1;24
2;1;190;6;12;12;1;2021;1;24
2;1;190;6;12;12;12;2021;1;24
2;1;190;6;12;12;13;2021;1;24
2;1;190;6;12;12;13;2021;1;24
2;1;190;6;12;12;13;2021;1;24
2;1;190;6;12;12;13;2021;1;24
2;1;190;6;12;12;14;2021;1;24
2;1;190;6;12;12;14;2021;1;24
2;1;190;6;12;12;14;2021;1;24
2;1;190;6;12;12;22;2021;1;24
2;1;190;6;12;12;22;2021;1;24
2;1;190;6;1;1;4;2021;1;24
2;1;190;6;13;13;11;2021;1;24
2;1;193;6;7;7;4;2021;4;24
2;1;193;6;7;7;11;2021;1;24
2;1;193;6;7;7;12;2021;2;24
2;1;193;6;7;7;13;2021;1;24
2;1;193;6;7;7;13;2021;1;24
2;1;193;6;7;7;14;2021;1;24
2;1;193;6;7;7;14;2021;1;24
2;1;193;6;7;7;14;2021;1;24
2;1;193;6;8;8;3;2021;1;24
2;1;194;6;12;12;51;2020;1;24
2;1;194;6;12;12;3;2021;2;24
2;1;194;6;12;12;3;2021;1;24
2;1;194;6;12;12;11;2021;1;24
2;1;194;6;12;12;11;2021;1;24
2;1;194;6;12;12;11;2021;2;24
2;1;194;6;12;12;11;2021;2;24
2;1;194;6;12;12;11;2021;2;24
2;1;194;6;12;12;12;2021;1;24
2;1;194;6;12;12;13;2021;1;24
2;1;194;6;12;12;13;2021;1;24
2;1;194;6;12;12;13;2021;1;24
2;1;194;6;12;12;13;2021;1;24
2;1;194;6;12;12;13;2021;1;24
2;1;194;6;12;12;14;2021;1;24
2;1;194;6;12;12;14;2021;1;24
2;1;194;6;12;12;14;2021;2;24
2;1;194;6;12;12;14;2021;1;24
2;1;194;6;12;12;14;2021;2;24
2;1;194;6;12;12;14;2021;2;24
2;1;194;6;12;12;15;2021;3;24
2;1;194;6;12;12;15;2021;1;24
2;1;194;6;12;12;15;2021;3;24
2;1;194;6;12;12;15;2021;1;24
2;1;194;6;12;12;15;2021;2;24
2;1;194;6;12;12;15;2021;1;24
2;1;194;6;12;12;15;2021;1;24
2;1;194;6;12;12;15;2021;1;24
2;1;194;6;12;12;22;2021;1;24
2;1;194;6;12;12;22;2021;2;24
2;1;194;6;12;12;22;2021;1;24
2;1;194;6;12;12;22;2021;2;24
2;1;194;6;14;14;50;2020;1;24
2;1;200;6;6;6;16;2021;1;24
2;1;200;6;6;6;16;2021;1;24
2;1;200;6;6;6;17;2021;1;24
2;1;201;6;7;7;7;2021;1;24
2;1;201;6;7;7;7;2021;1;24
2;1;201;6;7;7;7;2021;1;24
2;1;201;6;7;7;7;2021;1;24
2;1;201;6;7;7;8;2021;1;24
2;1;201;6;7;7;8;2021;1;24
2;1;201;6;7;7;8;2021;1;24
2;1;201;6;7;7;8;2021;1;24
2;1;201;6;7;7;9;2021;1;24
2;1;201;6;7;7;9;2021;1;24
2;1;201;6;7;7;9;2021;1;24
2;1;201;6;7;7;9;2021;1;24
2;1;201;6;7;7;9;2021;1;24
2;1;201;6;7;7;10;2021;1;24
2;1;204;6;7;7;6;2021;1;24
2;1;204;6;7;7;8;2021;1;24
2;1;205;6;7;7;11;2021;1;24
2;1;206;6;9;9;16;2021;1;24
2;1;206;6;9;9;16;2021;1;24
2;1;206;6;12;12;1;2021;3;24
2;1;206;6;12;12;1;2021;3;24
2;1;206;6;12;12;1;2021;3;24
2;1;206;6;12;12;1;2021;3;24
2;1;206;6;12;12;1;2021;4;24
2;1;206;6;12;12;1;2021;1;24
2;1;206;6;12;12;2;2021;1;24
2;1;206;6;12;12;2;2021;1;24
2;1;206;6;12;12;3;2021;1;24
2;1;206;6;12;12;4;2021;2;24
2;1;206;6;12;12;4;2021;2;24
2;1;206;6;12;12;5;2021;2;24
2;1;206;6;12;12;5;2021;1;24
2;1;206;6;12;12;5;2021;2;24
2;1;206;6;12;12;5;2021;1;24
2;1;206;6;12;12;6;2021;1;24
2;1;206;6;12;12;13;2021;1;24
2;1;206;6;12;12;13;2021;1;24
2;1;208;6;9;9;17;2021;1;24
2;1;208;6;9;9;17;2021;1;24
2;1;208;6;9;9;17;2021;1;24
2;1;208;6;9;9;18;2021;1;24
2;1;208;6;9;9;18;2021;1;24
2;1;208;6;12;12;1;2021;1;24
2;1;208;6;12;12;1;2021;1;24
2;1;208;6;12;12;2;2021;1;24
2;1;208;6;12;12;2;2021;1;24
2;1;208;6;12;12;2;2021;1;24
2;1;208;6;12;12;2;2021;1;24
2;1;208;6;12;12;2;2021;1;24
2;1;208;6;12;12;2;2021;1;24
2;1;208;6;12;12;3;2021;1;24
2;1;208;6;12;12;3;2021;1;24
2;1;208;6;12;12;3;2021;2;24
2;1;208;6;12;12;5;2021;1;24
2;1;208;6;12;12;5;2021;1;24
2;1;208;6;12;12;6;2021;1;24
2;1;208;6;12;12;6;2021;1;24
2;1;208;6;12;12;6;2021;1;24
2;1;208;6;12;12;6;2021;1;24
2;1;208;6;12;12;7;2021;1;24
2;1;208;6;12;12;7;2021;1;24
2;1;208;6;12;12;14;2021;1;24
2;1;208;6;12;12;15;2021;1;24
2;1;208;6;12;12;15;2021;1;24
2;1;208;6;12;12;16;2021;1;24
2;1;208;6;12;12;16;2021;1;24
2;1;208;6;12;12;16;2021;1;24
2;1;208;6;12;12;16;2021;1;24
2;1;208;6;12;12;16;2021;1;24
2;1;208;6;12;12;23;2021;1;24
2;1;208;6;12;12;23;2021;1;24
2;1;208;6;12;12;24;2021;2;24
2;1;208;6;12;12;24;2021;2;24
2;1;208;6;12;12;24;2021;2;24
2;1;208;6;12;12;24;2021;2;24
2;1;208;6;12;12;25;2021;1;24
2;1;208;6;12;12;25;2021;1;24
2;1;208;6;12;12;25;2021;1;24
2;1;208;6;12;12;25;2021;1;24
2;1;208;6;12;12;25;2021;1;24
2;1;209;6;9;9;15;2021;1;24
2;1;209;6;9;9;15;2021;1;24
2;1;209;6;9;9;15;2021;1;24
2;1;209;6;12;12;11;2021;1;24
2;1;209;6;12;12;17;2021;1;24
2;1;209;6;12;12;17;2021;1;24
2;1;209;6;12;12;17;2021;1;24
2;1;209;6;12;12;18;2021;1;24
2;1;209;6;12;12;18;2021;1;24
2;1;210;6;12;12;12;2021;1;24
2;1;212;6;14;14;51;2020;1;24
2;1;212;6;14;14;51;2020;1;24
2;1;128;6;12;12;19;2021;1;24
4;4;35;5;1;1;42;2020;1;8
4;4;100;5;4;4;42;2020;1;8
4;4;101;5;6;6;22;2021;2;8
4;4;101;5;6;6;22;2021;2;8
4;4;101;5;6;6;22;2021;3;8
4;4;101;5;6;6;22;2021;3;8
4;4;101;5;6;6;23;2021;3;8
4;4;101;5;6;6;23;2021;3;8
4;4;101;5;6;6;23;2021;3;8
4;4;101;5;6;6;23;2021;3;8
4;4;101;5;6;6;25;2021;2;8
4;4;103;5;4;4;1;2021;1;8
4;4;103;5;4;4;1;2021;1;8
4;4;103;5;4;4;1;2021;1;8
4;4;103;5;4;4;2;2021;2;8
4;4;103;5;4;4;4;2021;1;8
4;4;104;5;6;6;1;2021;1;8
4;4;104;5;6;6;1;2021;1;8
4;4;25;1;12;12;12;2021;1;8
4;4;28;1;8;8;11;2021;1;8
4;4;229;1;6;6;15;2021;1;8
4;4;222;2;7;7;49;2020;1;8
4;4;222;2;8;8;48;2020;1;8
4;4;222;2;8;8;48;2020;1;8
4;4;222;2;8;8;48;2020;1;8
4;4;222;2;8;8;49;2020;1;8
4;4;222;2;8;8;49;2020;1;8
4;4;222;2;8;8;49;2020;1;8
4;4;222;2;8;8;49;2020;1;8
4;4;222;2;12;12;49;2020;1;8
4;4;222;2;12;12;49;2020;1;8
4;4;222;2;12;12;49;2020;1;8
4;4;222;2;12;12;49;2020;1;8
4;4;222;2;12;12;49;2020;1;8
4;4;222;2;12;12;49;2020;1;8
4;4;227;2;8;8;45;2020;2;8
4;4;227;2;12;12;49;2020;1;8
4;4;227;2;12;12;50;2020;1;8
4;4;227;2;6;6;16;2021;1;8
4;4;227;2;6;6;16;2021;1;8
4;4;229;2;6;6;15;2021;1;8
4;4;229;2;6;6;15;2021;1;8
4;4;171;9;14;14;18;2021;1;8
4;4;194;6;12;12;14;2021;1;8
4;4;200;6;6;6;8;2021;2;8
4;4;200;6;6;6;9;2021;2;8
4;4;208;6;12;12;5;2021;1;8
4;4;208;6;12;12;5;2021;1;8
5;2;74;5;8;8;46;2020;1;23
5;2;74;5;8;8;50;2020;1;23
5;2;74;5;12;12;45;2020;4;23
5;2;74;5;12;12;43;2020;1;23
5;2;74;5;12;12;45;2020;5;23
5;2;74;5;12;12;45;2020;5;23
5;2;74;5;12;12;44;2020;2;23
5;2;74;5;12;12;45;2020;5;23
5;2;74;5;12;12;44;2020;2;23
5;2;74;5;12;12;44;2020;1;23
5;2;74;5;12;12;44;2020;1;23
5;2;74;5;12;12;44;2020;3;23
5;2;74;5;12;12;44;2020;1;23
5;2;74;5;12;12;44;2020;2;23
5;2;74;5;12;12;48;2020;1;23
5;2;75;5;12;12;44;2020;2;23
5;2;75;5;12;12;44;2020;1;23
5;2;75;5;12;12;48;2020;1;23
5;2;80;5;1;1;44;2020;6;23
5;2;80;5;1;1;43;2020;1;23
5;2;80;5;1;1;45;2020;1;23
5;2;80;5;1;1;45;2020;1;23
5;2;80;5;1;1;46;2020;1;23
5;2;80;5;1;1;46;2020;1;23
5;2;80;5;1;1;46;2020;2;23
5;2;80;5;1;1;47;2020;2;23
5;2;80;5;1;1;47;2020;1;23
5;2;80;5;1;1;50;2020;1;23
5;2;108;5;7;7;12;2021;1;23
5;2;128;5;12;12;6;2021;1;23
5;2;25;1;12;12;44;2020;1;23
5;2;30;1;12;12;46;2020;1;23
5;2;27;1;1;1;45;2020;1;23
5;2;27;1;1;1;45;2020;1;23
5;2;27;1;1;1;45;2020;3;23
5;2;27;1;1;1;45;2020;1;23
5;2;27;1;1;1;46;2020;2;23
5;2;27;1;1;1;46;2020;1;23
5;2;27;1;1;1;46;2020;1;23
5;2;27;1;1;1;6;2021;1;23
5;2;27;1;1;1;6;2021;1;23
5;2;28;1;12;12;45;2020;1;23
5;2;28;1;12;12;45;2020;2;23
5;2;28;1;12;12;45;2020;2;23
5;2;28;1;12;12;45;2020;2;23
5;2;28;1;12;12;46;2020;2;23
5;2;28;1;12;12;46;2020;1;23
5;2;28;1;12;12;46;2020;3;23
5;2;28;1;12;12;46;2020;2;23
5;2;28;1;12;12;46;2020;1;23
5;2;28;1;12;12;46;2020;3;23
5;2;28;1;12;12;46;2020;3;23
5;2;28;1;1;1;46;2020;1;23
5;2;29;1;1;1;45;2020;1;23
5;2;29;1;1;1;45;2020;1;23
5;2;31;1;8;8;46;2020;1;23
5;2;31;1;8;8;46;2020;1;23
5;2;31;1;12;12;45;2020;1;23
5;2;31;1;12;12;45;2020;1;23
5;2;31;1;12;12;46;2020;1;23
5;2;31;1;12;12;46;2020;1;23
5;2;31;1;12;12;46;2020;1;23
5;2;31;1;12;12;46;2020;1;23
5;2;33;1;8;8;13;2021;1;23
5;2;33;1;8;8;13;2021;1;23
5;2;33;1;12;12;13;2021;1;23
5;2;33;1;12;12;13;2021;1;23
5;2;34;1;1;1;45;2020;4;23
5;2;34;1;1;1;43;2020;5;23
5;2;34;1;1;1;42;2020;8;23
5;2;34;1;1;1;44;2020;1;23
5;2;34;1;1;1;44;2020;1;23
5;2;34;1;1;1;45;2020;3;23
5;2;34;1;1;1;45;2020;2;23
5;2;34;1;1;1;46;2020;3;23
5;2;34;1;1;1;46;2020;3;23
5;2;34;1;1;1;46;2020;2;23
5;2;34;1;1;1;7;2021;1;23
5;2;34;1;1;1;7;2021;1;23
5;2;34;1;1;1;9;2021;1;23
5;2;34;1;1;1;22;2021;1;23
5;2;80;1;1;1;45;2020;2;23
5;2;80;1;1;1;45;2020;2;23
5;2;80;1;1;1;46;2020;2;23
5;2;98;1;6;6;45;2020;1;23
5;2;107;1;1;1;44;2020;1;23
5;2;107;1;1;1;45;2020;3;23
5;2;107;1;1;1;48;2020;1;23
5;2;107;1;1;1;25;2021;1;23
5;2;107;1;1;1;25;2021;1;23
5;2;107;1;1;1;25;2021;2;23
5;2;107;1;1;1;25;2021;1;23
5;2;28;2;12;12;45;2020;2;23
5;2;31;2;12;12;45;2020;1;23
5;2;225;2;9;9;12;2021;2;23
5;2;87;4;1;1;48;2020;1;23
5;2;87;4;13;13;49;2020;1;23
5;2;117;4;1;1;49;2020;1;23
5;2;75;6;12;12;48;2020;1;23
6;2;22;8;2;2;13;2021;1;23
6;2;22;8;11;11;13;2021;1;23
6;2;36;12;4;4;8;2021;2;23
6;2;36;12;6;6;49;2020;1;23
6;2;4;5;13;13;50;2020;1;23
6;2;47;5;5;5;3;2021;2;23
6;2;64;5;4;4;6;2021;1;23
6;2;75;5;12;12;42;2020;1;23
6;2;78;5;1;1;1;2021;1;23
6;2;78;5;1;1;1;2021;1;23
6;2;119;5;4;4;48;2020;1;23
6;2;31;1;12;12;44;2020;1;23
6;2;98;1;7;7;47;2020;2;23
6;2;98;1;6;6;9;2021;1;23
6;2;64;2;2;2;45;2020;1;23
6;2;65;2;10;10;42;2020;1;23
6;2;87;4;10;10;46;2020;1;23
6;2;163;9;14;14;10;2021;1;23
8;3;35;12;1;1;6;2021;1;8
8;3;36;12;6;6;3;2021;1;8
8;3;42;5;1;1;8;2021;2;4
8;3;125;5;12;12;6;2021;1;4
8;3;185;5;1;1;8;2021;1;8
8;3;64;2;4;4;44;2020;1;8
8;3;64;2;4;4;45;2020;1;4
8;3;64;2;4;4;45;2020;1;8
8;3;226;2;12;12;4;2021;4;8
8;3;230;2;12;12;6;2021;3;8
8;3;117;4;1;1;7;2021;1;8
8;3;125;4;12;12;5;2021;1;8
8;3;125;4;12;12;6;2021;1;8
8;3;125;4;12;12;6;2021;3;8
8;3;125;4;12;12;6;2021;2;8
8;3;125;4;12;12;8;2021;1;8
8;3;125;4;5;5;6;2021;4;8
8;3;125;4;10;10;6;2021;2;4
8;3;125;4;10;10;6;2021;2;4
8;3;125;4;10;10;6;2021;2;4
8;3;146;9;12;12;7;2021;1;8
8;3;147;9;10;10;7;2021;1;8
8;3;148;9;10;10;7;2021;1;8
8;3;150;9;13;13;1;2021;1;8
8;3;150;9;13;13;4;2021;1;8
8;3;150;9;13;13;4;2021;2;4
8;3;150;9;13;13;4;2021;1;8
8;3;150;9;13;13;4;2021;1;8
8;3;150;9;13;13;5;2021;1;8
8;3;150;9;13;13;12;2021;1;8
8;3;150;9;13;13;12;2021;1;8
8;3;150;9;13;13;13;2021;1;8
8;3;150;9;14;14;8;2021;2;4
8;3;150;9;14;14;8;2021;1;8
8;3;157;9;13;13;9;2021;1;8
8;2;158;9;10;10;20;2021;1;8
8;3;163;9;14;14;13;2021;1;8
8;3;212;6;14;14;7;2021;1;4
9;1;2;5;14;14;23;2021;1;2
9;1;18;8;6;6;8;2021;1;8
9;1;18;8;6;6;8;2021;1;8
9;1;18;8;6;6;8;2021;1;8
9;1;22;8;4;4;4;2021;4;1
9;1;22;8;4;4;4;2021;1;1
9;1;22;8;4;4;4;2021;2;1
9;1;22;8;4;4;4;2021;2;1
9;1;22;8;4;4;5;2021;1;1
9;1;25;1;12;12;47;2020;2;31
9;1;25;1;12;12;48;2020;2;27
9;1;25;1;12;12;49;2020;1;27
9;1;25;2;12;12;47;2020;2;27
9;1;25;4;12;12;48;2020;2;27
9;1;30;1;12;12;44;2020;1;30
9;1;30;1;12;12;47;2020;1;30
9;1;30;1;12;12;47;2020;2;30
9;1;30;1;12;12;48;2020;1;30
9;1;30;1;12;12;49;2020;1;30
9;1;30;4;12;12;48;2020;1;30
9;1;26;1;9;9;7;2021;1;1
9;1;26;1;9;9;7;2021;1;1
9;1;27;1;1;1;47;2020;1;1
9;1;27;1;1;1;47;2020;1;1
9;1;27;1;1;1;47;2020;2;1
9;1;27;9;1;1;48;2020;2;1
9;1;28;1;8;8;47;2020;1;31
9;1;28;1;8;8;47;2020;1;27
9;1;28;1;8;8;51;2020;1;27
9;1;28;1;12;12;47;2020;2;27
9;1;28;1;12;12;47;2020;1;27
9;1;28;1;12;12;47;2020;1;27
9;1;28;2;8;8;47;2020;1;27
9;1;28;2;12;12;49;2020;1;27
9;1;29;1;1;1;47;2020;1;27
9;1;29;1;1;1;49;2020;1;31
9;1;29;1;1;1;8;2021;1;31
9;1;29;1;1;1;24;2021;1;1
9;1;31;1;8;8;47;2020;1;2
9;1;31;1;12;12;45;2020;1;1
9;1;31;1;12;12;47;2020;1;31
9;1;31;1;12;12;47;2020;1;31
9;1;31;1;12;12;48;2020;1;2
9;1;31;1;12;12;48;2020;1;31
9;1;31;1;12;12;48;2020;1;31
9;1;31;1;12;12;3;2021;1;2
9;1;31;2;12;12;47;2020;1;31
9;1;31;2;12;12;49;2020;1;8
9;1;33;1;8;8;13;2021;1;31
9;1;33;1;12;12;49;2020;1;8
9;1;33;1;12;12;49;2020;1;8
9;1;33;2;12;12;47;2020;1;8
9;1;34;1;1;1;47;2020;1;31
9;1;34;1;1;1;47;2020;1;31
9;1;34;1;1;1;47;2020;1;31
9;1;34;1;1;1;47;2020;1;31
9;1;34;1;1;1;47;2020;2;8
9;1;34;1;1;1;48;2020;1;31
9;1;34;1;1;1;48;2020;1;8
9;1;34;1;1;1;49;2020;1;8
9;1;34;1;1;1;49;2020;1;8
9;1;35;12;1;1;51;2020;1;8
9;1;35;12;1;1;51;2020;1;1
9;1;35;12;1;1;51;2020;1;31
9;1;35;12;1;1;1;2021;1;27
9;1;35;12;1;1;1;2021;1;1
9;1;36;12;6;6;43;2020;1;31
9;1;36;12;6;6;45;2020;1;27
9;1;36;12;6;6;45;2020;1;1
9;1;36;12;6;6;47;2020;2;1
9;1;36;12;6;6;47;2020;2;1
9;1;36;12;6;6;48;2020;2;1
9;1;36;12;6;6;48;2020;2;1
9;1;36;12;6;6;48;2020;2;1
9;1;36;12;6;6;49;2020;2;1
9;1;36;12;6;6;49;2020;2;1
9;1;36;12;6;6;49;2020;2;1
9;1;36;12;6;6;49;2020;2;1
9;1;36;12;6;6;3;2021;1;1
9;1;36;12;6;6;3;2021;1;1
9;1;36;12;6;6;3;2021;1;1
9;1;38;5;5;5;48;2020;2;1
9;1;38;5;5;5;48;2020;2;31
9;1;39;5;4;4;3;2021;1;31
9;1;39;5;5;5;44;2020;3;31
9;1;39;5;5;5;47;2020;1;31
9;1;39;5;5;5;48;2020;1;1
9;1;39;5;5;5;48;2020;1;31
9;1;39;5;5;5;49;2020;1;31
9;1;39;5;5;5;51;2020;1;1
9;1;39;5;5;5;51;2020;1;31
9;1;39;5;5;5;51;2020;1;1
9;1;39;5;5;5;51;2020;1;31
9;1;39;5;5;5;4;2021;1;31
9;1;40;5;5;5;48;2020;1;2
9;1;40;5;5;5;4;2021;1;2
9;1;44;5;5;5;48;2020;1;31
9;1;44;5;5;5;48;2020;1;1
9;1;44;5;5;5;49;2020;1;31
9;1;44;5;5;5;5;2021;2;31
9;1;44;5;5;5;5;2021;1;1
9;1;44;5;5;5;15;2021;1;31
9;1;45;5;4;4;45;2020;1;31
9;1;45;5;4;4;3;2021;1;31
9;1;47;6;5;5;4;2021;2;1
9;1;50;5;5;5;4;2021;4;31
9;1;50;5;5;5;3;2021;2;27
9;1;58;5;5;5;44;2020;1;27
9;1;58;5;5;5;46;2020;2;27
9;1;58;5;5;5;47;2020;2;27
9;1;58;5;5;5;47;2020;2;27
9;1;64;2;4;4;45;2020;1;27
9;1;75;5;12;12;3;2021;1;2
9;1;100;5;4;4;46;2020;1;27
9;1;100;5;4;4;46;2020;1;1
9;1;100;5;4;4;46;2020;1;31
9;1;100;5;4;4;47;2020;1;27
9;1;100;5;4;4;48;2020;1;31
9;1;100;5;4;4;49;2020;1;31
9;1;100;5;4;4;49;2020;1;27
9;1;100;5;4;4;2;2021;1;31
9;1;100;5;4;4;2;2021;2;31
9;1;100;5;4;4;2;2021;1;31
9;1;100;5;4;4;18;2021;1;27
9;1;100;5;4;4;18;2021;1;31
9;1;107;1;1;1;51;2020;1;31
9;1;124;4;2;2;43;2020;2;31
9;1;125;4;12;12;7;2021;2;31
9;1;125;4;12;12;13;2021;1;31
9;1;125;4;5;5;7;2021;1;31
9;2;143;9;5;5;45;2020;2;27
9;1;153;9;13;13;9;2021;1;27
9;1;165;9;13;13;10;2021;1;27
9;1;165;9;13;13;10;2021;1;27
9;1;165;9;13;13;10;2021;1;27
9;1;171;9;11;11;11;2021;1;27
9;1;171;9;11;11;11;2021;1;27
9;1;171;9;11;11;11;2021;1;31
9;1;187;6;4;4;3;2021;3;31
9;1;187;6;4;4;3;2021;3;27
9;1;187;6;4;4;3;2021;3;31
9;1;187;6;4;4;5;2021;2;27
9;1;194;6;7;7;48;2020;1;27
9;1;194;6;12;12;46;2020;1;27
9;1;194;6;12;12;3;2021;1;27
9;1;198;6;7;7;46;2020;1;27
9;1;203;6;7;7;42;2020;2;13
9;1;203;6;7;7;42;2020;2;13
9;1;203;6;7;7;42;2020;2;13
9;1;206;6;12;7;48;2020;1;27
9;1;206;6;9;9;16;2021;1;27
9;1;206;6;9;9;16;2021;1;27
9;1;206;6;9;9;17;2021;1;27
9;1;206;6;12;12;48;2020;1;27
9;1;206;6;12;12;48;2020;1;27
9;1;206;6;12;12;48;2020;1;27
9;1;206;6;12;12;48;2020;1;27
9;1;206;6;12;12;49;2020;1;27
9;1;206;6;12;12;49;2020;1;27
9;1;206;6;12;12;49;2020;1;27
9;1;206;6;12;12;49;2020;1;27
9;1;206;6;12;12;49;2020;1;27
9;1;206;6;12;12;50;2020;1;27
9;1;206;6;12;12;50;2020;1;27
9;1;206;6;12;12;50;2020;1;27
9;1;206;6;12;12;50;2020;1;27
9;1;206;6;12;12;50;2020;1;1
9;1;206;6;12;12;51;2020;1;1
9;1;206;6;12;12;51;2020;1;27
9;1;206;6;12;12;51;2020;1;1
9;1;206;6;12;12;51;2020;1;1
9;1;206;6;12;12;51;2020;1;1
9;1;206;6;12;12;1;2021;1;1
9;1;206;6;12;12;2;2021;1;1
9;1;206;6;12;12;2;2021;1;1
9;1;206;6;12;12;2;2021;1;1
9;1;206;6;12;12;2;2021;1;1
9;1;206;6;12;12;2;2021;1;1
9;1;206;6;12;12;2;2021;1;1
9;1;206;6;12;12;2;2021;1;1
9;1;206;6;12;12;3;2021;1;8
9;1;206;6;12;12;3;2021;1;8
9;1;206;6;12;12;3;2021;1;1
9;1;206;6;12;12;3;2021;1;8
9;1;206;6;12;12;3;2021;1;8
9;1;206;6;12;12;3;2021;1;1
9;1;206;6;12;12;3;2021;1;1
9;1;206;6;12;12;3;2021;1;1
9;1;206;6;12;12;4;2021;1;1
9;1;206;6;12;12;4;2021;1;1
9;1;206;6;12;12;4;2021;2;1
9;1;206;6;12;12;4;2021;1;8
9;1;206;6;12;12;4;2021;2;8
9;1;206;6;12;12;5;2021;1;1
9;1;206;6;12;12;5;2021;1;8
9;1;206;6;12;12;5;2021;1;8
9;1;206;6;12;12;16;2021;1;8
9;1;206;6;12;12;16;2021;1;8
9;1;208;6;12;12;17;2021;1;2
9;1;214;5;2;2;15;2021;1;8
9;1;214;5;4;4;45;2020;1;8
9;1;214;5;4;4;45;2020;1;8
9;1;214;5;4;4;46;2020;2;8
9;1;214;5;4;4;4;2021;1;1
9;1;214;5;4;4;14;2021;1;1
9;1;214;5;4;4;15;2021;1;1
9;1;217;5;4;4;2;2021;3;2
9;1;223;2;12;12;43;2020;1;2
9;1;223;2;12;12;43;2020;1;1
9;1;223;2;12;12;44;2020;1;1
9;1;223;2;12;12;44;2020;2;1
9;1;223;2;12;12;45;2020;5;2
9;1;223;2;3;3;43;2020;2;2
9;1;223;2;3;3;43;2020;2;8
9;1;223;2;3;3;43;2020;2;8
9;1;223;2;3;3;44;2020;2;8
9;1;223;2;3;3;44;2020;1;8
9;1;223;2;3;3;45;2020;2;2
9;1;224;5;8;18;2;2021;1;2
9;1;224;2;9;9;2;2021;1;8
9;1;224;2;9;9;2;2021;1;8
9;1;224;2;9;9;2;2021;1;31
9;1;224;2;9;9;3;2021;1;2
9;1;224;2;9;9;3;2021;1;2
9;1;224;2;9;9;3;2021;1;8
9;1;224;2;9;9;3;2021;1;8
9;1;224;2;9;9;3;2021;1;1
9;1;224;2;9;9;11;2021;1;1
9;1;225;2;9;9;5;2021;1;1
9;1;225;2;9;9;5;2021;1;8
9;1;225;2;9;9;5;2021;1;1
9;1;225;2;9;9;5;2021;1;1
9;1;225;2;9;9;5;2021;1;1
9;1;225;2;9;9;6;2021;1;2
9;1;225;2;9;9;6;2021;1;1
9;1;225;2;9;9;6;2021;1;1
9;1;225;2;9;9;6;2021;1;1
9;1;225;2;9;9;11;2021;1;8
9;1;225;2;9;9;12;2021;1;1
9;1;225;2;1;1;6;2021;1;1
9;1;225;2;9;3;4;2021;1;2
9;1;227;2;12;12;47;2020;5;2
9;1;226;1;12;12;2;2021;1;1
9;1;226;2;9;9;6;2021;1;1
9;1;226;2;9;9;6;2021;1;2
9;1;226;2;9;9;6;2021;1;2
9;1;226;2;12;12;3;2021;1;1
9;1;226;2;12;12;3;2021;1;8
9;1;226;2;12;12;3;2021;1;8
9;1;226;2;12;12;3;2021;2;8
9;1;226;2;12;12;3;2021;2;8
9;1;226;2;12;12;4;2021;2;8
9;1;227;2;8;8;44;2020;1;8
9;1;227;2;8;8;44;2020;2;1
9;1;227;2;8;8;44;2020;3;2
9;1;227;2;8;8;44;2020;2;2
9;1;227;2;8;8;45;2020;2;1
9;1;227;2;8;8;45;2020;2;1
9;1;227;2;8;8;45;2020;1;8
9;1;227;2;8;8;47;2020;1;8
9;1;227;2;8;8;47;2020;1;8
9;1;227;2;12;12;43;2020;2;8
9;1;227;2;12;12;43;2020;1;8
9;1;227;2;12;12;44;2020;3;1
9;1;227;2;12;12;44;2020;2;1
9;1;227;2;12;12;44;2020;2;1
9;1;227;2;12;12;45;2020;2;2
9;1;227;2;12;12;45;2020;2;2
9;1;227;2;12;12;45;2020;2;2
9;1;227;2;12;12;45;2020;2;1
9;1;227;2;12;12;45;2020;2;1
9;1;227;2;12;12;46;2020;1;1
9;1;227;2;12;12;46;2020;2;1
9;1;227;2;12;12;46;2020;2;1
9;1;227;2;12;12;46;2020;1;1
9;1;227;2;12;12;46;2020;1;2
9;1;227;2;12;12;47;2020;1;2
9;1;227;2;12;12;47;2020;1;2
9;1;227;2;12;12;47;2020;1;1
9;1;227;2;12;12;47;2020;1;1
9;1;227;2;12;12;47;2020;1;1
9;1;227;2;12;12;47;2020;2;8
9;1;227;2;12;12;48;2020;2;8
9;1;227;2;12;12;48;2020;2;8
9;1;227;2;12;12;48;2020;3;8
9;1;227;2;12;12;48;2020;3;8
9;1;227;2;12;12;49;2020;4;8
9;1;227;2;12;12;49;2020;4;8
9;1;227;2;12;12;49;2020;3;8
9;1;227;2;12;12;49;2020;3;8
9;1;227;2;12;12;49;2020;3;8
9;1;227;2;6;6;3;2021;2;8
9;1;227;2;6;6;16;2021;1;8
9;1;227;2;6;6;46;2020;1;8
9;1;227;2;6;6;46;2020;1;8
9;1;227;4;12;12;48;2020;2;8
9;1;228;2;8;8;8;2021;1;8
9;1;228;2;8;8;8;2021;2;8
9;1;228;2;8;8;8;2021;2;8
9;1;228;2;8;8;9;2021;2;8
9;1;228;2;8;8;9;2021;2;8
9;1;228;2;8;8;9;2021;1;8
9;1;229;2;7;7;2;2021;1;8
9;1;229;2;7;7;2;2021;1;8
9;1;230;2;12;12;5;2021;1;8
10;2;2;5;7;7;14;2021;3;1
10;2;2;5;14;14;24;2021;1;1
10;2;2;5;14;14;24;2021;1;1
10;2;2;5;14;14;24;2021;1;1
10;2;25;1;12;12;13;2021;1;14
10;2;26;1;9;9;13;2021;1;14
10;2;28;1;8;8;12;2021;1;14
10;2;29;1;1;1;43;2020;1;14
10;2;30;1;8;8;10;2021;1;14
10;2;30;1;8;8;10;2021;1;14
10;2;30;1;12;12;11;2021;2;14
10;2;31;1;8;8;50;2020;1;14
10;2;31;2;12;12;3;2021;1;14
10;2;33;1;8;8;12;2021;1;14
10;2;33;1;8;8;13;2021;1;14
10;2;33;1;8;8;14;2021;1;14
10;2;33;1;8;8;14;2021;1;14
10;2;33;1;8;8;15;2021;1;14
10;2;33;1;8;8;15;2021;1;14
10;2;33;1;8;8;15;2021;1;14
10;2;33;1;8;8;15;2021;1;14
10;2;33;1;12;12;12;2021;1;14
10;2;33;1;12;12;12;2021;1;14
10;2;33;1;12;12;13;2021;1;14
10;2;33;1;12;12;14;2021;1;14
10;2;33;1;12;12;15;2021;2;14
10;2;34;1;1;1;7;2021;1;14
10;2;34;1;1;1;24;2021;1;14
10;2;36;12;6;6;49;2020;1;1
10;2;36;12;6;6;49;2020;1;1
10;2;38;5;5;5;15;2021;1;1
10;2;38;5;5;5;25;2021;1;1
10;2;38;5;5;5;25;2021;1;1
10;2;39;5;5;5;48;2020;1;1
10;2;40;5;5;5;49;2020;1;1
10;2;58;5;5;5;49;2020;1;1
10;2;59;5;5;5;48;2020;1;1
10;2;60;5;12;12;12;2021;1;1
10;2;64;2;2;2;42;2020;1;1
10;2;65;5;10;10;14;2021;1;1
10;2;65;5;10;10;14;2021;1;1
10;2;65;2;10;10;42;2020;1;1
10;2;266;1;16;16;39;2021;2;1
10;2;269;1;16;16;39;2021;1;1
10;2;72;5;12;12;4;2021;1;1
10;2;72;5;12;12;5;2021;1;1
10;2;73;5;9;9;7;2021;1;1
10;2;74;5;8;8;1;2021;1;1
10;2;74;5;8;8;7;2021;2;1
10;2;74;5;9;3;4;2021;1;1
10;2;75;5;12;12;11;2021;1;1
10;2;80;5;1;1;2;2021;1;1
10;2;80;5;1;1;5;2021;1;1
10;2;80;5;1;1;5;2021;1;1
10;2;87;4;12;12;50;2020;1;1
10;2;87;4;12;12;50;2020;1;1
10;2;87;4;1;1;49;2020;1;1
10;2;87;4;6;6;51;2020;1;1
10;2;93;5;7;7;49;2020;1;1
10;2;93;5;4;4;49;2020;2;1
10;2;99;5;4;4;6;2021;1;1
10;2;103;5;4;4;3;2021;1;1
10;2;103;5;4;4;11;2021;1;1
10;2;103;5;4;4;13;2021;1;1
10;2;103;5;4;4;13;2021;1;1
10;2;103;9;4;4;3;2021;1;1
10;2;104;9;4;4;3;2021;1;1
10;2;107;1;1;1;24;2021;1;14
10;2;116;5;7;7;12;2021;1;1
10;2;116;5;12;12;50;2020;1;1
10;2;116;5;12;12;50;2020;1;1
10;2;116;5;12;12;51;2020;1;1
10;2;116;5;1;1;44;2020;2;1
10;2;116;5;1;1;46;2020;1;1
10;2;116;5;2;2;10;2021;1;1
10;2;116;5;4;4;49;2020;1;1
10;2;116;9;4;4;49;2020;1;1
10;2;119;5;4;4;3;2021;1;1
10;2;122;4;12;12;50;2020;1;1
10;2;125;4;12;12;51;2020;1;1
10;2;128;5;12;12;6;2021;1;1
10;2;128;5;12;12;6;2021;1;1
10;2;128;5;12;12;7;2021;1;1
10;2;128;6;12;12;6;2021;1;1
10;2;129;5;12;12;50;2020;1;1
10;2;132;9;11;11;50;2020;1;1
10;2;132;9;11;11;51;2020;1;1
10;2;132;9;11;14;20;2021;1;1
10;2;133;9;13;13;22;2021;1;1
10;2;134;9;12;12;5;2021;1;1
10;2;139;9;11;11;7;2021;1;1
10;2;140;9;3;3;48;2020;1;1
10;2;143;9;5;5;49;2020;1;1
10;2;143;9;5;5;15;2021;2;1
10;2;145;9;6;6;18;2021;1;1
10;2;149;9;5;5;7;2021;1;1
10;2;149;9;11;11;9;2021;1;1
10;2;149;9;11;11;10;2021;1;1
10;2;150;9;10;10;46;2020;1;1
10;2;150;9;13;13;45;2020;1;1
10;2;150;9;13;13;46;2020;1;1
10;2;152;9;10;10;15;2021;1;1
10;2;153;9;13;13;15;2021;1;1
10;2;155;9;13;13;15;2021;1;1
10;2;155;9;13;13;15;2021;1;1
10;2;157;9;13;13;49;2020;1;1
10;2;157;9;13;13;23;2021;1;1
10;2;158;9;13;13;20;2021;3;1
10;2;158;9;10;10;20;2021;3;1
10;2;159;9;13;13;51;2020;1;1
10;2;159;9;13;13;16;2021;1;1
10;2;162;9;10;10;45;2020;1;1
10;2;162;9;10;10;45;2020;1;1
10;2;163;9;14;14;24;2021;1;1
10;2;164;9;10;10;43;2020;1;1
10;2;164;9;10;10;48;2020;1;1
10;2;164;9;13;13;46;2020;1;1
10;2;164;9;13;13;13;2021;1;1
10;2;164;9;13;13;20;2021;2;1
10;2;166;9;10;10;43;2020;1;1
10;2;172;9;14;14;6;2021;1;1
10;2;178;9;3;3;48;2020;1;1
10;2;178;9;6;6;6;2021;1;1
10;2;178;9;5;13;20;2021;4;1
10;2;182;6;12;12;42;2020;2;1
10;2;183;6;5;5;49;2020;2;1
10;2;194;6;12;12;3;2021;1;1
10;2;194;6;12;12;13;2021;1;1
10;2;197;6;7;7;44;2020;1;1
10;2;197;6;7;7;45;2020;1;1
10;2;200;6;6;6;16;2021;1;1
10;2;200;6;6;6;18;2021;2;1
10;2;203;6;7;7;42;2020;2;1
10;2;216;5;2;2;13;2021;1;1
10;2;222;2;8;8;49;2020;1;1
11;2;2;5;6;6;48;2020;1;27
12;2;2;5;9;9;13;2021;1;19
12;2;2;5;1;1;45;2020;1;19
12;2;2;5;1;1;46;2020;1;19
12;2;2;5;1;1;49;2020;1;19
12;2;2;5;1;1;2;2021;1;19
12;2;2;5;4;4;45;2020;1;19
12;2;2;5;4;4;46;2020;1;19
12;2;2;5;4;4;4;2021;2;19
12;2;2;5;10;10;17;2021;1;19
12;2;2;5;13;13;10;2021;1;19
12;2;2;5;13;13;13;2021;1;19
12;2;2;1;1;1;22;2021;1;19
12;2;7;5;4;4;43;2020;1;19
12;2;7;5;4;4;4;2021;1;19
12;2;11;5;6;6;4;2021;1;19
11;3;17;8;5;13;19;2021;2;27
11;3;17;8;5;13;20;2021;3;27
11;2;36;12;4;4;13;2021;2;27
11;2;36;12;6;6;12;2021;4;27
11;2;36;12;6;6;12;2021;4;27
11;2;36;12;6;6;12;2021;4;27
11;2;36;12;6;6;13;2021;4;27
11;2;36;12;6;6;13;2021;4;27
11;2;36;12;6;6;47;2020;1;27
11;2;36;12;6;6;48;2020;2;27
11;2;36;12;6;6;10;2021;1;27
11;2;36;12;6;6;10;2021;1;27
11;2;36;12;6;6;10;2021;1;27
11;2;36;12;6;6;10;2021;1;27
11;2;36;12;6;6;11;2021;3;27
11;2;36;12;6;6;11;2021;1;27
11;2;36;12;6;6;11;2021;1;27
11;2;36;12;6;6;11;2021;3;27
11;2;36;12;6;6;13;2021;2;27
11;2;36;12;11;11;12;2021;3;27
11;2;36;11;6;6;11;2021;3;27
11;2;39;5;6;6;48;2020;2;27
12;2;39;5;5;5;4;2021;1;19
12;2;40;5;5;5;4;2021;1;19
11;2;44;5;5;5;46;2020;1;27
12;2;83;5;1;1;7;2021;1;19
11;2;87;4;12;12;47;2020;1;27
11;2;87;4;12;12;47;2020;1;27
11;2;87;4;12;12;47;2020;1;27
11;2;87;4;12;12;47;2020;1;27
11;2;87;4;12;12;48;2020;1;27
11;2;87;4;12;12;48;2020;1;27
11;2;89;4;10;10;47;2020;1;27
11;2;90;4;10;10;22;2021;1;27
11;2;93;5;5;5;45;2020;2;27
11;2;93;4;2;2;42;2020;2;27
12;2;93;5;5;5;42;2020;3;19
11;2;97;5;14;14;22;2021;1;27
11;2;97;5;14;14;23;2021;1;27
11;2;97;5;14;14;23;2021;1;27
11;2;100;5;2;2;8;2021;1;27
11;2;100;5;2;2;8;2021;1;27
11;2;100;5;2;2;9;2021;1;27
11;2;100;5;2;2;9;2021;1;27
11;2;100;5;5;5;42;2020;1;27
11;2;100;5;6;6;17;2021;1;27
11;2;101;5;6;6;25;2021;4;27
11;2;101;5;6;6;25;2021;4;27
11;2;101;5;6;6;25;2021;3;27
11;2;101;5;11;11;25;2021;2;27
11;2;107;1;1;1;46;2020;1;27
11;2;107;1;1;1;47;2020;1;27
11;2;107;1;1;1;47;2020;1;27
11;2;107;1;1;1;47;2020;1;27
11;2;107;1;1;1;47;2020;1;27
11;2;107;1;1;1;48;2020;1;27
11;2;107;1;1;1;48;2020;1;27
11;2;107;1;1;1;48;2020;1;27
11;2;110;5;10;10;4;2021;2;27
11;2;110;5;11;11;5;2021;1;27
11;2;110;5;11;11;5;2021;1;27
11;2;110;5;11;11;6;2021;1;27
13;2;111;5;14;14;24;2021;1;19
11;2;116;5;8;8;49;2020;1;27
11;2;116;5;12;12;45;2020;1;27
11;2;116;5;12;12;22;2021;1;27
11;2;116;5;12;12;22;2021;1;27
11;2;116;5;12;12;22;2021;1;27
11;2;116;5;12;12;23;2021;1;27
11;2;116;5;4;4;44;2020;2;27
11;2;116;5;4;4;45;2020;1;27
11;2;116;5;4;4;46;2020;2;27
11;2;116;5;4;4;46;2020;2;27
11;2;116;5;4;4;46;2020;2;27
11;2;116;5;4;4;49;2020;2;27
11;2;116;5;4;4;49;2020;1;27
11;2;116;5;4;4;50;2020;1;27
11;2;116;5;4;4;50;2020;1;27
12;2;116;5;8;8;49;2020;1;19
12;2;116;5;12;12;23;2021;1;19
12;2;116;5;4;4;44;2020;1;19
12;2;116;5;4;4;49;2020;1;19
12;2;116;5;4;4;50;2020;1;19
11;2;117;5;1;1;46;2020;1;27
12;2;123;4;12;12;47;2020;1;19
11;2;125;4;12;12;7;2021;1;27
11;2;125;4;5;5;7;2021;1;27
11;2;125;4;5;5;7;2021;1;27
11;2;125;4;13;13;7;2021;1;27
12;2;128;5;12;12;2;2021;1;19
12;2;128;5;12;12;2;2021;1;19
12;2;128;6;12;12;2;2021;1;19
11;2;279;2;17;17;39;2021;1;27
11;1;132;9;11;14;20;2021;1;27
11;2;132;9;11;11;22;2021;1;27
11;2;132;9;11;11;22;2021;1;27
11;2;132;9;11;11;22;2021;1;27
11;2;132;9;11;11;24;2021;1;27
11;2;132;9;11;11;24;2021;1;27
11;2;132;9;11;11;24;2021;1;27
11;2;132;9;11;11;24;2021;1;27
13;2;132;9;11;11;25;2021;1;19
11;2;135;5;1;1;47;2020;1;27
11;1;135;9;1;1;45;2020;1;27
11;2;135;9;1;1;45;2020;1;27
11;2;135;9;1;1;7;2021;1;27
11;2;135;9;1;1;9;2021;1;27
12;2;135;9;1;1;7;2021;1;19
11;2;143;9;4;4;49;2020;2;27
11;2;143;9;4;4;49;2020;1;27
11;2;143;9;4;4;49;2020;1;27
11;2;143;9;5;5;44;2020;2;27
11;2;143;9;5;5;44;2020;2;27
11;2;143;9;5;5;44;2020;2;27
11;2;143;9;5;5;45;2020;2;27
11;2;143;9;5;5;45;2020;2;27
11;2;143;9;5;5;45;2020;2;27
11;2;143;9;5;5;49;2020;1;27
11;2;143;9;5;5;49;2020;1;27
11;2;143;9;5;5;16;2021;1;27
11;2;143;9;5;5;16;2021;1;27
11;2;143;9;13;13;3;2021;1;27
13;2;143;9;5;5;16;2021;1;19
11;2;146;9;12;12;7;2021;1;27
12;2;146;9;12;12;7;2021;1;19
11;2;148;9;10;10;44;2020;1;27
11;2;148;9;10;10;44;2020;1;27
11;2;148;9;10;10;44;2020;1;27
11;2;148;9;10;10;44;2020;1;27
11;2;148;9;10;10;45;2020;1;27
11;2;148;9;10;10;7;2021;1;27
11;2;148;9;10;10;7;2021;1;27
13;2;158;9;10;10;20;2021;1;19
11;2;160;9;13;13;49;2020;1;27
11;2;164;9;13;13;47;2020;1;27
11;2;164;9;13;13;3;2021;1;27
11;2;170;9;13;13;24;2021;1;27
11;2;171;9;11;11;23;2021;1;27
11;2;172;9;14;14;24;2021;1;27
11;2;183;6;4;4;50;2020;1;27
11;2;190;6;1;1;5;2021;1;27
12;2;194;6;12;12;42;2020;1;19
11;2;214;5;4;4;45;2020;2;27
15;2;21;8;13;13;23;2021;1;16
15;2;111;5;11;11;17;2021;1;16
15;2;227;2;12;12;46;2020;1;16
15;2;230;2;12;12;11;2021;1;16
15;2;230;2;12;12;18;2021;3;16
15;2;125;4;12;12;4;2021;1;16
15;2;125;4;12;12;4;2021;1;16
15;2;125;4;12;12;10;2021;1;16
15;2;125;4;12;12;11;2021;1;16
15;2;125;4;12;12;11;2021;1;16
15;2;125;4;12;12;11;2021;1;16
15;2;125;4;12;12;11;2021;1;16
15;2;125;4;12;12;17;2021;1;16
15;2;125;4;12;12;18;2021;1;16
15;2;80;9;1;1;20;2021;1;16
15;1;149;9;14;14;20;2021;1;16
15;2;132;9;11;11;25;2021;1;16
15;2;132;9;11;11;25;2021;1;16
15;2;132;9;11;11;25;2021;1;16
15;2;132;9;14;14;2;2021;1;16
15;2;137;9;9;9;11;2021;1;16
15;2;137;9;9;9;11;2021;3;16
15;2;137;9;12;12;24;2021;1;16
15;2;137;9;12;12;24;2021;1;16
15;2;150;9;13;13;50;2020;1;16
15;2;150;9;13;13;50;2020;1;16
15;2;150;9;13;13;2;2021;1;16
15;2;155;9;13;13;48;2020;1;16
15;2;155;9;13;13;49;2020;1;16
15;2;158;9;10;10;22;2021;1;16
15;2;158;9;10;10;22;2021;1;16
15;2;158;9;10;10;22;2021;1;16
15;2;158;9;10;10;22;2021;1;16
15;2;158;9;10;10;22;2021;1;16
15;2;158;9;10;10;23;2021;1;16
15;2;158;9;10;10;23;2021;1;16
15;2;158;9;10;10;23;2021;1;16
15;2;158;9;10;10;24;2021;1;16
15;2;158;9;10;10;24;2021;1;16
15;2;158;9;10;10;24;2021;1;16
15;2;158;9;10;10;24;2021;1;16
15;2;158;9;11;10;23;2021;1;16
15;2;158;9;10;10;19;2021;3;16
15;2;171;9;11;11;47;2020;1;16
15;2;191;6;7;7;42;2020;2;16
15;2;191;6;7;7;42;2020;4;16
17;2;59;13;5;5;20;2021;1;9
17;2;38;5;5;5;13;2021;4;9
17;2;38;5;5;5;13;2021;4;9
17;2;150;5;13;13;2;2021;1;9
17;2;25;1;12;12;11;2021;2;9
17;2;222;2;7;7;44;2020;1;9
17;2;125;4;12;12;11;2021;1;9
17;2;150;9;13;13;2;2021;1;9
17;2;150;9;13;13;2;2021;1;9
17;2;150;9;13;13;2;2021;1;9
17;2;194;6;12;12;42;2020;1;9
19;2;17;8;5;13;20;2021;2;11
19;2;36;12;6;6;43;2020;1;11
19;2;36;12;13;13;46;2020;1;11
19;2;2;5;13;13;51;2020;1;11
19;2;7;5;6;6;16;2021;1;11
19;2;44;5;5;5;46;2020;1;11
19;2;44;5;5;5;46;2020;1;11
19;2;44;5;5;5;47;2020;1;11
19;2;60;5;12;12;2;2021;1;11
19;2;70;5;7;7;3;2021;1;11
19;2;70;5;9;9;9;2021;1;11
19;2;97;5;14;14;23;2021;1;11
19;2;100;5;4;4;47;2020;1;11
19;2;104;5;6;6;50;2020;1;11
19;2;111;5;11;11;17;2021;1;11
19;2;111;5;14;14;17;2021;1;11
19;2;116;5;12;12;46;2020;1;11
19;2;116;5;4;4;46;2020;1;11
19;2;116;5;4;4;47;2020;1;11
19;2;116;5;4;5;44;2020;1;11
19;2;117;5;1;1;46;2020;1;11
19;2;128;5;12;12;7;2021;1;11
19;2;236;5;4;4;1;2021;1;11
19;2;98;1;7;7;5;2021;1;11
19;2;107;1;1;1;48;2020;1;11
19;2;107;1;1;1;49;2020;1;11
19;2;227;2;12;12;42;2020;1;11
19;2;228;2;8;8;9;2021;1;11
19;2;232;2;7;7;1;2021;1;11
19;2;123;4;1;1;22;2021;1;11
19;2;132;9;11;11;42;2020;1;11
19;2;132;9;11;11;17;2021;1;11
19;2;132;9;14;14;23;2021;1;11
19;2;134;9;12;12;5;2021;1;11
19;2;143;9;4;4;4;2021;1;11
19;2;146;9;12;7;48;2020;1;11
19;2;146;9;12;12;8;2021;1;11
19;2;149;9;14;14;14;2021;1;11
19;2;150;9;13;13;3;2021;1;11
19;2;151;9;13;13;11;2021;1;11
19;2;152;9;10;10;15;2021;1;11
19;2;152;9;13;13;50;2020;1;11
19;2;153;9;13;13;8;2021;1;11
19;2;156;9;10;10;49;2020;1;11
19;2;165;9;10;10;44;2020;1;11
19;2;172;9;14;14;11;2021;1;11
19;2;174;9;10;10;49;2020;1;11
19;2;178;9;6;6;4;2021;1;11
19;2;212;6;14;14;9;2021;1;11
19;2;212;6;14;14;11;2021;3;11
23;4;70;5;9;9;8;2021;1;15
23;4;70;5;12;12;8;2021;1;15
23;4;227;2;8;8;47;2020;1;15
23;4;227;2;6;6;5;2021;1;15
24;2;21;8;10;10;42;2020;1;26
24;2;35;5;1;1;42;2020;1;26
24;2;230;2;12;12;18;2021;3;26
24;2;125;4;12;12;13;2021;2;26
24;2;125;4;12;12;18;2021;1;26
24;2;125;4;12;12;25;2021;1;26
24;2;194;6;12;12;42;2020;1;26
25;2;150;5;13;13;2;2021;1;9
25;2;132;9;10;10;23;2021;1;9
25;2;132;9;11;11;23;2021;1;9
25;2;132;9;11;11;23;2021;1;9
25;2;149;9;14;14;22;2021;1;9
25;2;149;9;14;14;22;2021;1;9
25;2;149;9;14;14;22;2021;1;9
25;2;149;9;14;14;23;2021;1;9
25;2;150;9;13;13;2;2021;1;9
25;2;150;9;13;13;2;2021;1;9
25;2;150;9;13;13;2;2021;1;9
25;2;150;9;13;13;2;2021;1;9
25;2;150;9;13;13;3;2021;1;9
25;2;150;9;13;13;3;2021;1;9
26;3;17;8;5;13;19;2021;1;8
26;3;18;8;6;6;47;2020;1;8
26;3;18;8;6;6;18;2021;1;8
26;3;22;8;4;4;49;2020;1;8
26;3;22;8;4;4;4;2021;1;8
26;3;35;12;1;1;6;2021;1;8
26;3;35;12;1;1;6;2021;1;8
26;3;2;5;13;13;50;2020;1;32
26;3;2;5;13;13;50;2020;1;32
26;3;6;5;13;13;24;2021;1;32
26;3;35;5;1;1;42;2020;3;8
26;3;44;5;5;5;45;2020;1;8
26;3;44;5;5;5;46;2020;1;8
26;3;44;5;5;5;46;2020;1;8
26;3;70;5;7;7;3;2021;1;8
26;3;70;5;7;7;3;2021;1;8
26;3;70;5;7;7;15;2021;1;8
26;3;70;5;7;7;15;2021;3;8
26;3;70;5;9;9;9;2021;1;8
26;3;74;5;8;8;11;2021;1;21
26;3;75;5;8;8;11;2021;1;21
26;3;83;5;1;1;7;2021;1;8
26;3;83;5;1;1;7;2021;1;8
26;3;89;5;10;10;47;2020;1;8
26;3;93;5;4;4;42;2020;1;8
26;3;100;5;4;4;47;2020;1;8
26;3;100;5;4;4;3;2021;1;8
26;3;103;5;4;4;42;2020;1;8
26;3;103;5;4;4;42;2020;1;8
26;3;103;5;4;4;2;2021;2;8
26;3;103;5;4;4;3;2021;2;8
26;3;103;5;4;4;4;2021;1;8
26;3;111;5;11;11;1;2021;1;32
26;3;111;5;11;11;2;2021;1;32
26;3;116;5;7;7;46;2020;1;8
26;3;116;5;7;7;46;2020;1;8
26;3;116;5;7;7;12;2021;1;8
26;3;116;5;7;7;12;2021;1;8
26;3;116;5;8;8;48;2020;1;8
26;3;116;5;8;8;49;2020;1;8
26;3;116;5;12;12;45;2020;1;8
26;3;116;5;12;12;46;2020;1;8
26;3;116;5;12;12;46;2020;1;8
26;3;116;5;12;12;1;2021;1;8
26;3;116;5;12;12;22;2021;1;8
26;3;116;5;4;4;42;2020;1;8
26;3;116;5;4;4;42;2020;1;8
26;3;116;5;4;4;42;2020;1;8
26;3;116;5;4;4;43;2020;1;8
26;3;116;5;4;4;43;2020;1;8
26;3;116;5;4;4;43;2020;2;8
26;3;116;5;4;4;44;2020;1;8
26;3;116;5;4;4;47;2020;1;8
26;3;119;5;2;2;11;2021;1;8
26;3;128;5;12;12;4;2021;1;8
26;3;128;5;12;12;6;2021;1;8
26;3;128;5;12;12;6;2021;1;8
26;3;128;5;12;12;7;2021;1;8
26;3;128;5;12;12;7;2021;1;8
26;3;128;5;12;12;7;2021;1;8
26;3;128;5;12;12;7;2021;1;8
26;3;128;5;12;12;8;2021;1;8
26;3;128;5;12;12;8;2021;1;8
26;3;129;5;12;12;8;2021;1;8
26;3;135;5;1;1;47;2020;1;21
26;3;214;5;5;4;45;2020;1;21
26;3;25;1;12;12;48;2020;1;21
26;3;34;1;1;1;43;2020;1;8
26;3;34;1;1;1;48;2020;1;8
26;3;34;1;1;1;49;2020;1;8
26;3;107;1;1;1;45;2020;1;8
26;3;107;1;1;1;50;2020;1;8
26;3;64;2;4;4;42;2020;1;21
26;3;222;2;8;8;10;2021;1;8
26;3;222;2;8;8;10;2021;1;8
26;3;222;2;8;8;11;2021;1;8
26;3;222;2;12;12;45;2020;1;8
26;3;222;2;12;12;45;2020;2;8
26;3;227;2;8;8;45;2020;1;8
26;3;228;2;8;8;9;2021;1;8
26;3;89;4;10;10;47;2020;1;21
26;3;93;4;7;7;49;2020;1;8
26;3;123;4;1;1;22;2021;1;8
26;3;125;4;10;10;47;2020;1;8
26;3;132;9;11;11;51;2020;1;8
26;3;132;9;11;11;4;2021;1;8
26;3;132;9;11;11;10;2021;1;8
26;3;132;9;11;11;22;2021;1;8
26;3;132;9;11;11;22;2021;1;8
26;3;132;9;14;14;3;2021;1;8
26;3;132;9;14;14;4;2021;1;8
26;3;132;9;14;14;7;2021;1;8
26;3;132;9;14;14;12;2021;1;8
26;3;132;9;11;14;20;2021;1;8
26;3;134;9;12;12;5;2021;1;8
26;3;135;9;1;1;45;2020;1;21
26;3;135;9;1;1;45;2020;1;21
26;3;137;9;12;12;4;2021;1;21
26;3;137;9;12;12;4;2021;2;21
26;3;139;9;11;11;13;2021;1;8
26;3;140;9;6;6;7;2021;1;8
26;3;140;9;6;6;7;2021;1;8
26;3;140;9;6;6;7;2021;1;8
26;3;143;9;4;4;49;2020;1;8
26;3;143;9;4;4;49;2020;1;8
26;3;143;9;4;4;4;2021;2;8
26;3;143;9;5;5;45;2020;2;8
26;3;143;9;5;5;46;2020;1;8
26;3;143;9;5;5;46;2020;1;8
26;3;143;9;5;5;5;2021;1;8
26;3;143;9;5;5;5;2021;1;8
26;3;143;9;5;5;5;2021;2;8
26;3;143;9;5;5;5;2021;2;8
26;3;143;9;5;5;6;2021;2;8
26;3;143;9;5;5;7;2021;1;8
26;3;143;9;5;5;15;2021;1;8
26;3;143;9;5;5;15;2021;1;8
26;3;143;9;13;13;5;2021;1;8
26;3;143;9;13;13;18;2021;1;8
26;3;143;9;13;13;18;2021;1;8
26;3;146;9;12;12;45;2020;1;8
26;3;146;9;12;12;16;2021;1;8
26;3;147;9;10;10;5;2021;1;8
26;3;147;9;10;10;6;2021;1;8
26;3;147;9;10;10;6;2021;1;8
26;3;148;9;12;12;6;2021;1;8
26;3;148;9;10;10;6;2021;1;8
26;3;148;9;10;10;6;2021;1;8
26;3;150;9;13;13;51;2020;1;8
26;3;150;9;13;13;51;2020;1;8
26;3;150;9;13;13;1;2021;1;8
26;3;150;9;13;13;1;2021;1;8
26;3;150;9;13;13;1;2021;1;8
26;3;150;9;13;13;1;2021;1;8
26;3;160;9;13;13;49;2020;1;21
26;3;163;9;14;14;13;2021;1;8
26;3;167;9;11;11;12;2021;1;8
26;3;167;9;11;11;12;2021;1;8
26;3;167;9;11;11;12;2021;1;8
26;3;100;6;4;4;3;2021;1;8
26;3;137;6;12;12;3;2021;1;8
26;3;183;6;4;4;42;2020;1;8
26;3;183;6;4;4;42;2020;1;8
26;3;183;6;4;4;42;2020;1;8
26;3;183;6;4;4;42;2020;1;8
26;3;183;6;4;4;43;2020;1;8
26;3;190;6;1;1;49;2020;2;8
26;3;193;6;8;8;4;2021;2;8
26;3;194;6;12;12;42;2020;2;8
26;3;194;6;12;12;42;2020;2;8
26;3;194;6;12;12;42;2020;1;8
26;3;200;6;6;6;15;2021;1;8
26;3;209;6;9;9;9;2021;1;8
26;3;212;6;14;14;5;2021;1;8
26;3;212;6;14;14;5;2021;1;8
26;3;212;6;14;14;11;2021;1;8
26;3;212;6;14;14;13;2021;1;8
26;3;212;6;14;14;18;2021;1;8
27;1;2;5;14;14;12;2021;1;9
27;1;2;5;14;14;12;2021;1;9
27;1;2;5;14;14;12;2021;1;9
27;1;2;5;14;14;12;2021;1;9
27;1;8;5;14;14;18;2021;1;9
27;1;111;5;14;14;12;2021;1;9
27;1;111;5;14;14;24;2021;1;9
27;1;132;9;11;11;22;2021;1;9
27;1;132;9;11;11;22;2021;1;9
27;1;132;9;11;11;22;2021;1;9
27;1;163;9;14;14;10;2021;1;9
27;1;177;9;11;10;2;2021;1;9
27;1;212;9;11;11;18;2021;1;9
27;1;212;6;11;11;18;2021;1;9
27;1;212;6;11;11;18;2021;1;9
27;1;212;6;11;11;18;2021;1;9
27;1;212;6;14;14;11;2021;1;9
27;1;212;6;11;14;20;2021;5;9
27;1;212;6;11;14;19;2021;3;9
28;2;103;5;2;2;42;2020;1;9
28;2;103;5;4;4;42;2020;1;9
28;2;65;2;10;10;15;2021;1;9
28;2;117;4;1;1;24;2021;1;9
29;2;18;8;4;4;8;2021;1;29
29;2;22;8;2;2;12;2021;1;29
29;2;22;8;4;4;49;2020;1;29
29;2;22;8;4;4;51;2020;2;29
29;2;22;8;4;4;7;2021;1;29
29;2;35;12;1;1;45;2020;1;29
29;2;36;12;6;6;45;2020;1;29
29;2;36;12;6;6;47;2020;2;29
29;2;36;12;6;6;47;2020;2;29
29;2;36;12;6;6;14;2021;2;29
29;2;1;5;4;4;43;2020;1;29
29;2;2;5;9;9;12;2021;1;29
29;2;2;5;12;12;12;2021;1;29
29;2;2;5;12;12;18;2021;1;29
29;2;2;5;1;1;50;2020;1;29
29;2;2;5;1;1;23;2021;1;29
29;2;2;5;4;4;12;2021;1;29
29;2;2;5;5;5;46;2020;1;29
29;2;2;5;5;5;16;2021;1;29
29;2;2;5;6;6;47;2020;1;29
29;2;2;5;6;6;47;2020;1;29
29;2;2;5;6;6;47;2020;1;29
29;2;2;5;6;6;47;2020;1;29
29;2;2;5;6;6;49;2020;1;29
29;2;2;5;11;11;14;2021;1;29
29;2;2;5;13;13;51;2020;1;29
29;2;2;5;13;13;8;2021;1;29
29;2;2;5;14;14;12;2021;1;29
29;2;4;5;13;13;50;2020;1;29
29;2;4;5;13;13;50;2020;1;29
29;2;5;5;10;10;16;2021;1;29
29;2;5;5;10;10;16;2021;1;29
29;2;7;5;6;6;16;2021;1;29
29;2;38;5;5;5;12;2021;4;29
29;2;39;5;5;5;47;2020;1;29
29;2;39;5;5;5;49;2020;2;29
29;2;39;5;5;5;50;2020;1;29
29;2;39;5;5;5;50;2020;1;29
29;2;39;5;5;5;50;2020;1;29
29;2;39;5;5;5;50;2020;1;29
29;2;39;5;5;5;50;2020;1;29
29;2;45;5;2;2;14;2021;1;29
29;2;45;5;4;4;12;2021;1;29
29;2;47;5;5;5;43;2020;3;29
29;2;58;5;5;5;44;2020;1;29
29;2;58;5;5;5;45;2020;1;29
29;2;58;5;5;5;46;2020;2;29
29;2;58;5;5;5;47;2020;2;29
29;2;58;5;5;5;47;2020;2;29
29;2;58;5;5;5;14;2021;1;29
29;2;58;5;5;5;22;2021;1;29
29;2;60;5;12;12;49;2020;1;29
29;2;70;5;7;7;14;2021;1;29
29;2;70;5;7;7;14;2021;1;29
29;2;70;5;7;7;14;2021;2;29
29;2;70;5;9;9;14;2021;1;29
29;2;75;5;7;7;17;2021;2;29
29;2;80;5;1;1;50;2020;1;29
29;2;80;5;1;1;2;2021;1;29
29;2;87;5;12;12;45;2020;1;29
29;2;97;5;14;14;22;2021;1;29
29;2;102;5;6;6;2;2021;1;29
29;2;102;5;6;6;2;2021;1;29
29;2;102;5;6;6;2;2021;1;29
29;2;103;5;4;4;51;2020;1;29
29;2;103;5;4;4;2;2021;2;29
29;2;103;5;4;4;2;2021;2;29
29;2;103;5;4;4;2;2021;2;29
29;2;103;5;4;4;7;2021;1;29
29;2;103;5;4;4;12;2021;1;29
29;2;103;5;4;4;12;2021;1;29
29;2;104;5;6;6;2;2021;2;29
29;2;104;5;6;6;2;2021;2;29
29;2;104;5;6;6;2;2021;2;29
29;2;110;5;11;11;6;2021;1;29
29;2;111;5;11;11;16;2021;1;29
29;2;112;5;7;7;46;2020;1;29
29;2;119;5;4;4;43;2020;1;29
29;2;119;5;4;4;44;2020;1;29
29;2;119;5;4;4;6;2021;1;29
29;2;119;5;4;4;18;2021;1;29
29;2;125;5;2;2;11;2021;1;29
29;2;151;5;13;13;47;2020;1;29
29;2;190;5;1;1;47;2020;1;29
29;2;214;5;4;4;45;2020;1;29
29;2;214;5;4;4;45;2020;1;29
29;2;65;2;10;10;46;2020;1;29
29;2;65;2;10;10;15;2021;1;29
29;2;128;2;12;12;7;2021;1;29
29;2;222;2;8;8;9;2021;1;29
29;2;222;2;12;12;2;2021;1;29
29;2;222;2;12;12;2;2021;1;29
29;2;224;2;9;9;25;2021;1;29
29;2;232;2;7;7;42;2020;1;29
29;2;87;4;1;1;23;2021;1;29
29;2;87;4;6;6;17;2021;1;29
29;2;88;4;13;13;9;2021;1;29
29;2;88;4;13;13;17;2021;1;29
29;2;125;4;9;9;14;2021;1;29
29;2;125;4;12;12;5;2021;1;29
29;2;125;4;12;12;10;2021;2;29
29;2;125;4;12;12;12;2021;1;29
29;2;125;4;12;12;12;2021;1;29
29;2;125;4;3;3;45;2020;1;29
29;2;125;4;5;5;45;2020;1;29
29;2;125;4;5;5;17;2021;1;29
29;2;125;4;10;10;4;2021;1;29
29;2;125;4;10;10;5;2021;1;29
29;2;125;4;13;13;22;2021;1;29
29;2;132;9;14;14;24;2021;1;29
29;2;133;9;13;13;22;2021;1;29
29;2;134;9;12;12;5;2021;1;29
29;2;136;9;1;1;25;2021;1;29
29;2;139;9;11;11;25;2021;1;29
29;2;143;9;2;2;11;2021;1;29
29;2;143;9;2;2;12;2021;1;29
29;2;143;9;5;5;15;2021;1;29
29;2;146;9;13;13;25;2021;1;29
29;2;147;9;10;10;14;2021;1;29
29;2;149;9;12;12;7;2021;1;29
29;2;149;9;12;12;25;2021;1;29
29;2;149;9;13;13;18;2021;1;29
29;2;151;9;13;13;7;2021;1;29
29;2;151;9;13;13;7;2021;1;29
29;2;151;9;13;13;24;2021;1;29
29;2;153;9;13;13;5;2021;1;29
29;2;153;9;13;13;5;2021;1;29
29;2;153;9;13;13;9;2021;1;29
29;2;158;9;10;10;18;2021;1;29
29;2;158;9;13;13;9;2021;1;29
29;2;159;9;5;5;6;2021;1;29
29;2;159;9;10;10;14;2021;1;29
29;2;159;9;13;13;24;2021;1;29
29;2;160;9;13;13;22;2021;1;29
29;2;164;9;10;10;43;2020;1;29
29;2;164;9;13;13;8;2021;1;29
29;2;167;9;11;11;12;2021;1;29
29;2;172;9;14;14;6;2021;1;29
29;2;174;9;10;10;18;2021;1;29
29;2;178;9;3;3;46;2020;1;29
29;2;1;6;4;4;43;2020;2;29
29;2;179;6;7;7;45;2020;1;29
29;2;182;6;7;7;46;2020;1;29
29;2;182;6;7;7;1;2021;4;29
29;2;182;6;7;7;3;2021;2;29
29;2;182;6;7;7;25;2021;2;29
29;2;187;6;4;4;11;2021;1;29
29;2;190;6;12;12;2;2021;1;29
29;2;190;6;13;13;10;2021;1;29
29;2;190;6;13;13;23;2021;1;29
29;2;194;6;7;7;43;2020;1;29
29;2;194;6;12;12;46;2020;1;29
29;2;200;6;6;6;14;2021;1;29
29;2;200;6;6;6;14;2021;2;29
29;2;200;6;6;6;14;2021;1;29
29;2;200;6;6;6;16;2021;1;29
29;2;201;6;7;7;47;2020;1;29
29;2;201;6;7;7;47;2020;1;29
29;2;202;6;7;7;48;2020;1;29
29;2;205;6;7;7;48;2020;1;29
29;2;206;6;12;12;43;2020;1;29
29;2;206;6;12;12;47;2020;1;29
29;2;206;6;12;12;47;2020;1;29
29;2;206;6;12;12;47;2020;1;29
29;2;206;6;12;12;51;2020;1;29
29;2;208;6;9;9;18;2021;1;29
29;2;208;6;12;12;4;2021;1;29
29;2;208;6;12;12;5;2021;1;29
29;2;208;6;12;12;5;2021;1;29
29;2;208;6;12;12;16;2021;1;29
29;2;208;6;12;12;16;2021;1;29
29;2;208;6;12;12;17;2021;1;29
29;2;212;6;11;10;46;2020;1;29
29;2;212;6;14;14;14;2021;1;29
31;2;17;8;5;5;42;2020;8;22
31;2;35;5;1;1;42;2020;1;31
31;2;74;5;8;8;43;2020;1;22
31;2;74;5;12;12;44;2020;3;22
31;2;74;5;12;12;44;2020;2;22
31;2;74;5;12;12;44;2020;4;22
31;2;74;5;12;12;44;2020;5;22
31;2;74;5;12;12;44;2020;6;22
31;2;74;5;12;12;43;2020;7;22
31;2;34;1;1;1;42;2020;1;31
31;2;265;1;16;16;39;2021;1;31
31;2;265;1;16;16;39;2021;3;31
31;2;265;1;17;17;39;2021;1;31
31;2;266;1;16;16;39;2021;1;31
31;2;98;1;3;3;42;2020;1;31
31;2;227;2;12;12;42;2020;3;31
31;2;227;2;12;12;42;2020;4;31
31;2;124;4;2;2;42;2020;1;22
31;1;125;4;12;12;20;2021;1;22
31;2;125;4;12;12;17;2021;1;22
31;2;125;4;12;12;17;2021;1;22
31;2;143;9;4;4;49;2020;2;22
32;2;88;4;13;13;24;2021;1;3
32;2;117;4;1;1;24;2021;1;3
32;2;125;4;4;4;43;2020;1;3
32;2;149;9;10;10;25;2021;1;12
32;2;149;9;10;10;25;2021;1;12
32;2;149;9;10;10;25;2021;1;12
32;2;149;9;10;10;25;2021;1;12
32;2;149;9;10;10;25;2021;1;12
32;2;149;9;13;13;25;2021;2;12
32;2;149;9;13;13;25;2021;2;12
32;2;149;9;13;13;25;2021;2;12
32;2;149;9;13;13;25;2021;1;12
32;2;149;9;13;13;25;2021;1;12
32;2;149;9;14;14;25;2021;3;12
32;2;149;9;14;14;25;2021;2;12
32;2;149;9;14;14;25;2021;2;12
32;2;149;9;14;14;25;2021;1;12
32;2;149;9;14;14;25;2021;1;12
32;2;150;9;13;13;1;2021;1;12
32;2;171;9;11;11;1;2021;1;12
33;3;22;8;4;4;4;2021;1;9
33;3;22;8;4;4;4;2021;1;9
33;3;22;8;4;4;5;2021;1;9
33;3;22;8;4;4;5;2021;1;9
33;3;23;8;14;14;16;2021;1;9
33;3;24;8;10;10;4;2021;1;9
33;3;1;5;4;4;2;2021;1;9
33;3;2;5;7;7;15;2021;3;9
33;3;2;5;7;7;15;2021;2;9
33;3;2;5;7;7;16;2021;2;9
33;3;2;5;7;7;16;2021;2;9
33;3;2;5;7;7;16;2021;2;9
33;3;2;5;13;13;51;2020;1;9
33;3;2;5;13;13;51;2020;1;9
33;3;2;5;13;13;51;2020;1;9
33;3;35;5;1;1;42;2020;1;9
33;3;35;5;1;1;43;2020;2;9
33;3;39;5;4;4;47;2020;2;9
33;3;44;5;4;4;47;2020;1;9
33;3;47;5;5;5;45;2020;2;9
33;3;47;5;5;5;46;2020;1;9
33;3;47;5;5;5;46;2020;2;9
33;3;47;5;5;5;46;2020;2;9
33;3;47;5;5;5;46;2020;2;9
33;3;47;5;5;5;46;2020;2;9
33;3;47;5;5;5;47;2020;2;9
33;3;47;5;5;5;47;2020;2;9
33;3;47;5;5;5;47;2020;2;9
33;3;47;5;5;5;47;2020;2;9
33;3;47;5;5;5;47;2020;1;9
33;3;47;5;5;5;47;2020;1;9
33;3;47;5;5;5;48;2020;2;9
33;3;47;5;5;5;48;2020;2;9
33;3;47;5;5;5;48;2020;1;9
33;3;47;5;5;5;48;2020;1;9
33;3;47;5;5;5;48;2020;2;9
33;3;47;5;5;5;49;2020;2;9
33;3;47;5;5;5;49;2020;2;9
33;3;47;5;5;5;49;2020;2;9
33;3;47;5;5;5;49;2020;2;9
33;3;47;5;5;5;49;2020;2;9
33;3;47;5;5;5;50;2020;2;9
33;3;47;5;5;5;50;2020;2;9
33;3;47;5;5;5;50;2020;2;9
33;3;47;5;5;5;50;2020;2;9
33;3;47;5;5;5;50;2020;2;9
33;3;47;5;5;5;51;2020;2;9
33;3;47;5;5;5;2;2021;2;9
33;3;47;5;5;5;2;2021;2;9
33;3;47;5;5;5;3;2021;2;9
33;3;47;5;5;5;3;2021;2;9
33;3;47;5;5;5;3;2021;2;9
33;3;47;5;5;5;3;2021;2;9
33;3;66;5;7;7;50;2020;1;9
33;3;66;5;7;7;2;2021;1;9
33;3;66;5;8;8;51;2020;1;9
33;3;66;5;12;12;2;2021;1;9
33;3;70;5;7;7;14;2021;1;9
33;3;70;5;7;7;15;2021;1;9
33;3;70;5;7;7;15;2021;1;9
33;3;70;5;7;7;16;2021;3;9
33;3;70;5;7;7;2;2021;4;9
33;3;70;5;7;7;22;2021;1;9
33;3;74;5;7;7;44;2020;2;9
33;3;74;5;7;7;44;2020;4;9
33;3;74;5;7;7;3;2021;1;9
33;3;74;5;7;7;5;2021;2;9
33;3;74;5;8;8;50;2020;1;9
33;3;74;5;8;8;1;2021;1;9
33;3;74;5;8;8;1;2021;1;9
33;3;74;5;12;12;48;2020;1;9
33;3;74;5;12;12;5;2021;1;9
33;3;74;5;10;10;49;2020;1;9
33;3;74;5;10;10;49;2020;1;9
33;3;74;5;10;10;50;2020;1;9
33;3;74;5;10;10;50;2020;1;9
33;3;74;5;10;10;50;2020;1;9
33;3;74;5;10;10;50;2020;1;9
33;3;74;5;10;10;50;2020;1;9
33;3;74;5;10;10;51;2020;1;9
33;3;74;5;10;10;51;2020;1;9
33;3;74;5;10;10;51;2020;1;9
33;3;74;5;10;10;51;2020;1;9
33;3;74;5;10;10;51;2020;1;9
33;3;75;5;7;7;6;2021;2;9
33;3;75;5;7;7;6;2021;1;9
33;3;75;5;7;7;11;2021;1;9
33;3;75;5;7;7;15;2021;1;9
33;3;75;5;7;7;15;2021;1;9
33;3;75;5;7;7;16;2021;1;9
33;3;75;5;7;7;16;2021;1;9
33;3;75;5;7;7;17;2021;2;9
33;3;75;5;12;12;6;2021;1;9
33;3;75;5;12;12;6;2021;1;9
33;3;75;5;12;12;6;2021;1;9
33;3;75;5;12;12;7;2021;1;9
33;3;75;5;12;12;7;2021;1;9
33;3;75;5;12;12;9;2021;1;9
33;3;75;5;12;12;9;2021;1;9
33;3;75;5;12;12;10;2021;1;9
33;3;76;5;4;4;3;2021;1;9
33;3;76;5;4;4;3;2021;1;9
33;3;76;5;4;4;3;2021;1;9
33;3;80;5;1;1;50;2020;1;9
33;3;80;5;1;1;50;2020;1;9
33;3;80;5;1;1;50;2020;1;9
33;3;80;5;1;1;50;2020;1;9
33;3;85;5;12;12;43;2020;1;9
33;3;92;5;14;14;4;2021;1;9
33;3;93;5;8;8;51;2020;1;9
33;3;93;5;8;8;2;2021;1;9
33;3;93;5;5;5;48;2020;2;9
33;3;93;5;5;5;1;2021;2;9
33;3;98;5;7;7;45;2020;4;9
33;3;98;5;12;12;49;2020;1;9
33;3;110;5;5;5;44;2020;2;9
33;3;110;5;5;5;44;2020;2;9
33;3;110;5;5;5;45;2020;2;9
33;3;110;5;10;10;3;2021;1;9
33;3;110;5;10;10;3;2021;1;9
33;3;110;5;10;10;3;2021;1;9
33;3;110;5;10;10;3;2021;1;9
33;3;110;5;10;10;4;2021;1;9
33;3;110;5;11;11;4;2021;1;9
33;3;110;5;11;11;5;2021;1;9
33;3;110;5;11;11;5;2021;1;9
33;3;111;5;11;11;17;2021;1;9
33;3;116;5;7;7;42;2020;1;9
33;3;116;5;7;7;48;2020;1;9
33;3;116;5;8;8;2;2021;1;9
33;3;116;5;5;5;51;2020;2;9
33;3;116;5;5;5;51;2020;2;9
33;3;116;5;5;5;51;2020;2;9
33;3;116;5;5;5;51;2020;2;9
33;3;116;5;5;5;1;2021;2;9
33;3;127;5;12;12;8;2021;1;9
33;3;127;5;12;12;8;2021;1;9
33;3;127;5;12;12;9;2021;1;9
33;3;128;5;12;12;4;2021;1;9
33;3;128;5;12;12;8;2021;1;9
33;3;128;5;12;12;8;2021;1;9
33;3;128;5;12;12;8;2021;1;9
33;3;128;5;12;12;8;2021;1;9
33;3;130;5;7;7;6;2021;1;9
33;3;135;5;1;1;47;2020;1;9
33;3;143;5;4;4;1;2021;1;9
33;3;206;5;12;12;2;2021;1;9
33;3;214;5;4;4;47;2020;1;9
33;3;214;5;5;5;47;2020;2;9
33;3;217;5;4;4;46;2020;1;9
33;3;217;5;4;4;46;2020;1;9
33;3;217;5;4;4;46;2020;1;9
33;3;217;5;4;4;47;2020;1;9
33;3;217;5;4;4;51;2020;1;9
33;3;217;5;4;4;2;2021;2;9
33;3;217;5;4;4;2;2021;2;9
33;3;217;5;4;4;2;2021;2;9
33;3;217;5;5;5;47;2020;1;9
33;1;116;5;7;7;20;2021;1;9
33;3;107;1;7;7;20;2021;2;9
33;1;130;1;12;12;20;2021;1;9
33;3;131;1;12;12;20;2021;1;9
33;3;33;1;12;12;13;2021;1;9
33;3;98;1;7;7;45;2020;3;9
33;3;98;1;7;7;51;2020;1;9
33;3;98;1;8;8;50;2020;1;9
33;3;98;1;8;8;50;2020;1;9
33;3;98;1;12;12;49;2020;1;9
33;3;98;1;12;12;49;2020;1;9
33;3;98;1;12;12;49;2020;1;9
33;3;98;1;12;12;50;2020;1;9
33;3;98;1;12;12;50;2020;1;9
33;3;98;1;12;12;50;2020;1;9
33;3;98;1;12;12;50;2020;1;9
33;3;98;1;12;12;50;2020;1;9
33;3;98;1;12;12;51;2020;1;9
33;3;107;1;1;1;45;2020;1;9
33;3;107;1;1;1;46;2020;1;9
33;3;107;1;1;1;46;2020;2;9
33;3;107;1;1;1;46;2020;1;9
33;3;70;2;7;7;47;2020;1;9
33;3;70;2;7;7;47;2020;1;9
33;3;222;2;7;7;43;2020;2;9
33;3;222;2;7;7;44;2020;1;9
33;3;222;2;7;7;48;2020;1;9
33;3;222;2;7;7;49;2020;1;9
33;3;222;2;7;7;49;2020;1;9
33;3;222;2;7;7;49;2020;1;9
33;3;222;2;7;7;49;2020;1;9
33;3;222;2;7;7;49;2020;1;9
33;3;222;2;7;7;50;2020;1;9
33;3;222;2;7;7;50;2020;1;9
33;3;222;2;12;12;44;2020;1;9
33;3;222;2;12;12;10;2021;1;9
33;3;222;2;12;12;12;2021;1;9
33;3;222;2;12;12;12;2021;1;9
33;3;222;2;12;12;12;2021;1;9
33;3;227;2;12;12;44;2020;1;9
33;3;227;2;12;12;44;2020;1;9
33;3;227;2;12;12;44;2020;1;9
33;3;227;2;12;12;44;2020;3;9
33;3;227;2;12;12;45;2020;1;9
33;3;87;4;12;12;48;2020;1;9
33;3;87;4;2;2;9;2021;1;9
33;3;90;4;10;10;2;2021;1;9
33;3;90;4;10;10;22;2021;1;9
33;3;93;4;12;12;43;2020;1;9
33;3;93;4;12;12;43;2020;1;9
33;3;93;4;12;12;43;2020;1;9
33;3;75;4;12;12;19;2021;1;9
33;1;116;4;12;12;20;2021;1;9
33;3;124;4;5;5;42;2020;1;9
33;3;125;4;7;7;47;2020;2;9
33;3;125;4;12;12;47;2020;1;9
33;3;125;4;1;1;46;2020;1;9
33;3;125;4;1;1;47;2020;1;9
33;3;125;4;1;1;47;2020;1;9
33;3;125;4;1;1;7;2021;1;9
33;3;125;4;2;2;42;2020;1;9
33;3;125;4;2;2;43;2020;2;9
33;3;125;4;5;5;42;2020;2;9
33;3;125;4;5;5;6;2021;1;9
33;3;125;4;10;10;3;2021;1;9
33;3;125;4;10;10;4;2021;1;9
33;3;125;4;10;10;5;2021;1;9
33;3;125;4;10;10;5;2021;1;9
33;3;125;4;10;10;5;2021;1;9
33;3;66;3;7;7;48;2020;2;9
33;3;66;3;7;7;48;2020;1;9
33;3;66;3;7;7;48;2020;1;9
33;3;66;3;7;7;48;2020;1;9
33;3;66;3;7;7;49;2020;1;9
33;3;66;3;7;7;49;2020;1;9
33;3;66;3;7;7;49;2020;1;9
33;3;66;3;7;7;49;2020;1;9
33;3;66;3;8;8;51;2020;1;9
33;3;130;3;7;7;10;2021;1;9
33;3;130;3;7;7;10;2021;1;9
33;3;130;3;7;7;10;2021;1;9
33;3;130;3;7;7;11;2021;1;9
33;3;130;3;7;7;17;2021;2;9
33;3;130;3;9;9;18;2021;2;9
33;3;130;3;9;9;22;2021;1;9
33;3;130;3;12;12;7;2021;2;9
33;3;130;3;12;12;7;2021;2;9
33;3;130;3;12;12;7;2021;1;9
33;3;130;3;12;12;10;2021;1;9
33;3;130;3;12;12;10;2021;1;9
33;3;130;3;12;12;10;2021;1;9
33;3;131;3;12;7;12;2021;1;9
33;3;131;3;7;7;9;2021;1;9
33;3;131;3;7;7;11;2021;2;9
33;3;131;3;7;7;17;2021;2;9
33;3;131;3;7;7;17;2021;2;9
33;3;131;3;7;7;18;2021;1;9
33;3;131;3;7;7;18;2021;1;9
33;3;131;3;7;7;19;2021;1;9
33;3;131;3;9;9;18;2021;3;9
33;3;131;3;12;12;8;2021;1;9
33;3;131;3;12;12;9;2021;2;9
33;3;131;3;12;12;9;2021;1;9
33;3;131;3;12;12;9;2021;2;9
33;3;131;3;12;12;9;2021;1;9
33;3;131;3;12;12;9;2021;1;9
33;3;131;3;12;12;9;2021;1;9
33;3;131;3;12;12;10;2021;2;9
33;3;131;3;12;12;11;2021;1;9
33;3;131;3;12;12;11;2021;1;9
33;3;131;3;12;12;11;2021;1;9
33;3;131;3;12;12;11;2021;1;9
33;3;131;3;12;12;11;2021;1;9
33;3;131;3;12;12;11;2021;1;9
33;3;131;3;12;12;11;2021;1;9
33;3;131;3;12;12;12;2021;1;9
33;3;131;3;12;12;12;2021;1;9
33;3;131;3;12;12;12;2021;1;9
33;3;131;3;12;12;13;2021;1;9
33;3;131;3;12;12;13;2021;1;9
33;3;131;3;12;12;13;2021;1;9
33;3;131;3;7;12;12;2021;1;9
33;3;110;9;5;5;45;2020;2;9
33;3;132;9;11;11;3;2021;1;9
33;3;132;9;11;11;3;2021;1;9
33;3;132;9;11;11;4;2021;2;9
33;3;132;9;11;11;10;2021;1;9
33;3;132;9;11;11;18;2021;1;9
33;3;132;9;11;11;18;2021;1;9
33;3;132;9;11;11;18;2021;1;9
33;3;132;9;11;11;18;2021;1;9
33;3;132;9;14;14;3;2021;1;9
33;3;132;9;14;14;3;2021;1;9
33;3;132;9;14;14;3;2021;1;9
33;3;132;9;11;14;19;2021;3;9
33;3;132;9;11;14;20;2021;5;9
33;3;133;9;10;10;1;2021;1;9
33;3;133;9;10;10;1;2021;1;9
33;3;133;9;10;10;1;2021;1;9
33;3;133;9;10;10;1;2021;1;9
33;3;133;9;10;10;2;2021;1;9
33;3;134;9;10;10;5;2021;1;9
33;3;134;9;10;10;12;2021;1;9
33;3;146;9;1;1;20;2021;1;9
33;3;135;9;1;1;48;2020;1;9
33;3;135;9;1;1;9;2021;1;9
33;3;135;9;1;1;9;2021;1;9
33;3;137;9;9;9;11;2021;1;9
33;3;139;9;11;11;6;2021;1;9
33;3;143;9;4;4;1;2021;1;9
33;3;143;9;4;4;1;2021;1;9
33;3;143;9;4;4;1;2021;1;9
33;3;143;9;13;13;5;2021;1;9
33;3;147;9;12;12;6;2021;1;9
33;3;147;9;10;10;7;2021;1;9
33;3;147;9;10;10;7;2021;1;9
33;3;147;9;10;10;12;2021;1;9
33;3;149;9;1;1;22;2021;1;9
33;3;149;9;11;11;6;2021;1;9
33;3;149;9;11;11;17;2021;1;9
33;3;149;9;14;14;18;2021;1;9
33;3;149;9;14;14;22;2021;1;9
33;3;150;9;13;13;1;2021;1;9
33;3;152;9;11;11;4;2021;1;9
33;3;152;9;11;11;4;2021;1;9
33;3;155;9;13;13;48;2020;1;9
33;3;155;9;13;13;48;2020;1;9
33;3;156;9;11;11;5;2021;1;9
33;3;164;9;10;10;42;2020;1;9
33;3;164;9;10;10;42;2020;1;9
33;3;164;9;10;10;43;2020;2;9
33;3;164;9;10;10;43;2020;1;9
33;3;164;9;10;10;43;2020;1;9
33;3;164;9;10;10;44;2020;1;9
33;3;164;9;10;10;44;2020;1;9
33;3;164;9;10;10;44;2020;1;9
33;3;164;9;10;10;44;2020;1;9
33;3;164;9;10;10;44;2020;1;9
33;3;164;9;10;10;45;2020;3;9
33;3;164;9;10;10;45;2020;1;9
33;3;164;9;10;10;45;2020;1;9
33;3;164;9;10;10;46;2020;1;9
33;3;164;9;10;10;46;2020;1;9
33;3;164;9;10;10;46;2020;1;9
33;3;164;9;10;10;46;2020;1;9
33;3;164;9;10;10;46;2020;1;9
33;3;164;9;10;10;47;2020;1;9
33;3;164;9;10;10;47;2020;1;9
33;3;164;9;10;10;47;2020;1;9
33;3;164;9;10;10;47;2020;1;9
33;3;164;9;10;10;47;2020;1;9
33;3;164;9;10;10;48;2020;1;9
33;3;164;9;10;10;48;2020;1;9
33;3;164;9;10;10;48;2020;1;9
33;3;164;9;10;10;48;2020;1;9
33;3;164;9;10;10;48;2020;1;9
33;3;164;9;10;10;49;2020;1;9
33;3;164;9;10;10;49;2020;1;9
33;3;164;9;10;10;49;2020;1;9
33;3;164;9;10;10;49;2020;1;9
33;3;164;9;10;10;49;2020;1;9
33;3;164;9;10;10;50;2020;1;9
33;3;164;9;10;10;50;2020;1;9
33;3;164;9;10;10;50;2020;1;9
33;3;164;9;10;10;50;2020;1;9
33;3;164;9;10;10;50;2020;1;9
33;3;164;9;10;10;51;2020;1;9
33;3;164;9;10;10;51;2020;1;9
33;3;164;9;10;10;51;2020;1;9
33;3;164;9;10;10;51;2020;1;9
33;3;164;9;10;10;51;2020;1;9
33;3;164;9;10;10;1;2021;1;9
33;3;164;9;10;10;1;2021;1;9
33;3;164;9;10;10;1;2021;1;9
33;3;164;9;10;10;1;2021;1;9
33;3;164;9;10;10;2;2021;1;9
33;3;164;9;10;10;2;2021;1;9
33;3;164;9;13;13;3;2021;1;9
33;3;167;9;4;4;4;2021;1;9
33;3;167;9;11;11;2;2021;1;9
33;3;167;9;11;11;3;2021;1;9
33;3;183;9;10;10;47;2020;1;9
33;3;183;9;10;10;47;2020;1;9
33;3;47;6;5;5;4;2021;2;9
33;3;182;6;7;7;43;2020;1;9
33;3;182;6;7;7;43;2020;1;9
33;3;182;6;7;7;3;2021;1;9
33;3;182;6;7;7;22;2021;1;9
33;3;182;6;7;7;24;2021;1;9
33;3;182;6;7;7;24;2021;1;9
33;3;182;6;7;7;24;2021;1;9
33;3;182;6;7;7;24;2021;1;9
33;3;183;6;12;12;46;2020;1;9
33;3;183;6;12;12;46;2020;1;9
33;3;183;6;12;12;46;2020;1;9
33;3;183;6;12;12;46;2020;1;9
33;3;183;6;2;2;45;2020;2;9
33;3;183;6;4;4;43;2020;1;9
33;3;183;6;4;4;43;2020;1;9
33;3;183;6;4;4;43;2020;1;9
33;3;183;6;4;4;44;2020;1;9
33;3;183;6;4;4;44;2020;1;9
33;3;183;6;4;4;49;2020;1;9
33;3;183;6;4;4;50;2020;1;9
33;3;183;6;4;4;50;2020;1;9
33;3;183;6;4;4;50;2020;1;9
33;3;183;6;4;4;50;2020;1;9
33;3;183;6;4;4;51;2020;1;9
33;3;183;6;4;4;51;2020;1;9
33;3;183;6;4;4;51;2020;1;9
33;3;183;6;4;4;51;2020;1;9
33;3;183;6;10;10;47;2020;1;9
33;3;183;6;10;10;48;2020;1;9
33;3;183;6;10;10;48;2020;1;9
33;3;183;6;10;10;48;2020;1;9
33;3;183;6;10;10;48;2020;1;9
33;3;183;6;10;10;48;2020;1;9
33;3;183;6;10;10;49;2020;1;9
33;3;184;6;4;4;2;2021;1;9
33;3;185;6;1;1;46;2020;1;9
33;3;190;6;13;13;4;2021;2;9
33;3;190;6;13;13;11;2021;2;9
33;3;193;6;7;7;13;2021;1;9
33;3;193;6;7;7;22;2021;1;9
33;3;193;6;8;8;3;2021;1;9
33;3;193;6;8;8;3;2021;1;9
33;3;193;6;8;8;3;2021;1;9
33;3;193;6;8;8;4;2021;1;9
33;3;194;6;7;7;48;2020;1;9
33;3;194;6;12;12;42;2020;1;9
33;3;194;6;12;12;44;2020;1;9
33;3;194;6;12;12;44;2020;1;9
33;3;194;6;12;12;44;2020;1;9
33;3;194;6;12;12;44;2020;1;9
33;3;194;6;12;12;44;2020;1;9
33;3;194;6;12;12;45;2020;1;9
33;3;194;6;12;12;45;2020;1;9
33;3;194;6;12;12;45;2020;1;9
33;3;194;6;12;12;45;2020;1;9
33;3;194;6;12;12;45;2020;1;9
33;3;194;6;12;12;13;2021;1;9
33;3;202;6;7;7;44;2020;2;9
33;3;202;6;7;7;45;2020;2;9
33;3;202;6;7;7;44;2020;4;9
33;3;202;6;7;7;44;2020;6;9
33;3;203;6;7;7;44;2020;1;9
33;3;203;6;7;7;46;2020;1;9
33;3;206;6;12;7;48;2020;4;9
33;3;206;6;12;12;43;2020;2;9
33;3;206;6;12;12;44;2020;2;9
33;3;206;6;12;12;44;2020;2;9
33;3;206;6;12;12;44;2020;2;9
33;3;206;6;12;12;44;2020;2;9
33;3;206;6;12;12;44;2020;2;9
33;3;206;6;12;12;45;2020;2;9
33;3;206;6;12;12;45;2020;2;9
33;3;206;6;12;12;45;2020;2;9
33;3;206;6;12;12;45;2020;2;9
33;3;206;6;12;12;45;2020;2;9
33;3;206;6;12;12;46;2020;2;9
33;3;206;6;12;12;46;2020;2;9
33;3;206;6;12;12;46;2020;2;9
33;3;206;6;12;12;46;2020;4;9
33;3;206;6;12;12;46;2020;4;9
33;3;206;6;12;12;47;2020;4;9
33;3;206;6;12;12;47;2020;4;9
33;3;206;6;12;12;47;2020;4;9
33;3;206;6;12;12;47;2020;4;9
33;3;206;6;12;12;47;2020;4;9
33;3;206;6;12;12;48;2020;4;9
33;3;206;6;12;12;48;2020;4;9
33;3;206;6;12;12;48;2020;4;9
33;3;206;6;12;12;1;2021;1;9
33;3;206;6;12;12;48;2020;4;9
33;3;206;6;12;12;1;2021;1;9
33;3;206;6;12;12;1;2021;1;9
33;3;206;6;12;12;1;2021;1;9
33;3;206;6;12;12;49;2020;4;9
33;3;206;6;12;12;2;2021;2;9
33;3;206;6;12;12;2;2021;1;9
33;3;206;6;12;12;2;2021;1;9
33;3;206;6;12;12;3;2021;1;9
33;3;206;6;12;12;3;2021;1;9
33;3;206;6;12;12;3;2021;1;9
33;3;206;6;12;12;3;2021;1;9
33;3;206;6;12;12;3;2021;1;9
33;3;206;6;12;12;4;2021;1;9
33;3;206;6;12;12;4;2021;2;9
33;3;206;6;12;12;49;2020;4;9
33;3;206;6;12;12;49;2020;4;9
33;3;206;6;12;12;49;2020;4;9
33;3;206;6;12;12;4;2021;1;9
33;3;206;6;12;12;4;2021;1;9
33;3;206;6;12;12;5;2021;1;9
33;3;206;6;12;12;49;2020;4;9
33;3;206;6;12;12;50;2020;4;9
33;3;206;6;12;12;50;2020;4;9
33;3;206;6;12;12;50;2020;4;9
33;3;206;6;12;12;50;2020;4;9
33;3;206;6;12;12;50;2020;4;9
33;3;206;6;12;12;51;2020;4;9
33;3;206;6;12;12;51;2020;4;9
33;3;206;6;12;12;51;2020;4;9
33;3;206;6;12;12;51;2020;4;9
33;3;206;6;12;12;51;2020;4;9
33;3;208;6;12;12;19;2021;3;9
33;3;208;6;12;12;20;2021;1;9
33;3;208;6;12;12;1;2021;1;9
33;3;208;6;12;12;1;2021;1;9
33;3;208;6;12;12;2;2021;1;9
33;3;208;6;12;12;2;2021;1;9
33;3;208;6;12;12;2;2021;1;9
33;3;208;6;12;12;2;2021;1;9
33;3;208;6;12;12;3;2021;1;9
33;3;208;6;12;12;3;2021;1;9
33;3;208;6;12;12;3;2021;3;9
33;3;208;6;12;12;3;2021;3;9
33;3;208;6;12;12;3;2021;3;9
33;3;208;6;12;12;4;2021;2;9
33;3;208;6;12;12;4;2021;2;9
33;3;208;6;12;12;4;2021;1;9
33;3;208;6;12;12;5;2021;1;9
33;3;208;6;12;12;5;2021;1;9
33;3;208;6;12;12;5;2021;1;9
33;3;208;6;12;12;6;2021;1;9
33;3;208;6;12;12;7;2021;1;9
33;3;208;6;12;12;16;2021;1;9
33;3;208;6;12;12;17;2021;1;9
33;3;208;6;12;12;17;2021;1;9
33;3;208;6;12;12;18;2021;1;9
33;3;208;6;12;12;18;2021;1;9
33;3;208;6;12;12;18;2021;1;9
33;3;208;6;12;12;18;2021;1;9
33;3;208;6;12;12;18;2021;1;9
33;3;208;6;12;12;22;2021;1;9
33;3;208;6;12;12;22;2021;1;9
33;3;209;6;12;12;18;2021;1;9
33;3;208;7;12;12;17;2021;1;9
34;3;2;5;8;8;46;2020;1;9
34;3;116;5;4;4;43;2020;1;9
34;3;64;2;4;4;42;2020;1;9
34;3;64;2;4;4;43;2020;1;9
34;3;223;2;3;2;45;2020;1;9
34;3;227;2;8;8;45;2020;1;9
34;3;227;2;8;8;46;2020;1;9
34;3;227;2;8;8;46;2020;1;9
34;3;228;2;8;8;46;2020;1;9
34;3;131;3;7;7;18;2021;1;9
34;3;194;6;11;10;42;2020;1;9
34;3;194;6;11;11;43;2020;1;9
35;1;35;12;1;1;45;2020;1;22
35;1;2;5;7;7;14;2021;3;22
35;1;38;5;5;5;25;2021;1;22
35;1;58;5;5;5;48;2020;1;22
35;1;151;9;13;13;14;2021;1;22
35;1;200;6;6;6;14;2021;3;22
35;1;208;6;9;9;18;2021;1;22
