﻿Fehlergrund;Nr.1
"""gelöscht"" Priorisierung anderes Produkt";1
Priorisierung OR-Soft;2
HIP;3
Maschinenausfall / -Fehler;4
Krankheitsfall;5
Warentransport;6
Prozessoptimierung/ -Übertrag;7
Prozessprobleme/ -Abweichung;8
fehlende Kapazität Maschine;9
fehlende Kapazität Mitarbeiter;10
fehlende Kapazität PT/Entw.;11
fehlende Kapazität AV/Steuerung/Einkauf;12
fehlende Kapazität QS;13
fehlende Kapazität nicht-OSM;14
fehlende Arbeitsmaterialien;15
fehlendes Messprotokoll;16
fehlender Informationsfluss;17
fehlende AAW/PBX/REZ;18
fehlende Rückmeldung;19
fehlendes Werkzeug;20
Lieferprobleme extern;21
Inventur;22
Wartung/ Umbau;23
warten auf Slot;24
warten auf Testergebnisse;25
Fehlermeldung aktiv;26
Kundenfreigabe steht aus;27
Querqualifikation/ Aushilfe in Nachbarabteilung;28
Keine Information zum Stillstand erhalten;29
PK fehlerhaft;30
Taktung (zwei Teile pro Arbeitsgang);31
fehlende Qualifikation Mitarbeiter;32
Nacharbeit;33
Ausschuss;34
fehlende Prio;35
QS Stopp;36
Facility Management/ Stromabschaltung;37
